ais_id,Sex,App Insert Import Identifier,Module Duration,Module City,Module Country,PO Short Name,Home City,Home Region,Home Country,Home Postal Code
2016-001-508083,Female,WMQY2733,Summer,Shanghai,China,UMinnesota,Indianapolis,Indiana,United States of America,46260
2016-001-522340,Female,XUMM5595,Summer,"Moscow (Bolshoi, dance)",Russia,Russian Amer Fdn,Puyallup,Washington,United States of America,98375
2016-001-506508,Female,STRW4751,Summer,Unknown City,Morocco,Legacy,Stamford,Connecticut,United States of America,6905
2016-001-500623,Male,JWYY4646,Summer,Unknown City,Morocco,Legacy,Colorado Springs,Colorado,United States of America,80906
2016-001-507723,Female,TMKJ5839,Summer,Xi’an,China,American Councils,Chattanooga,Tennessee,United States of America,37403
2016-001-507701,Female,PQHD1687,Summer,Chisinau,Moldova,American Councils,Ridgewood,New Jersey,United States of America,7450
2016-001-500251,Female,GDMS8631,Summer,Xi’an,China,American Councils,St. Louis,Missouri,United States of America,63105
2016-001-507998,Female,QDXF3458,Summer,Xi’an,China,American Councils,Rockville,Maryland,United States of America,20854
2016-001-522353,Female,,Year,Unknown City,Indonesia,AFS USA,Clifton Springs,New York,United States of America,14432
2016-001-501327,Female,ZWYX7676,Summer,Jeonju,South Korea,American Councils,Raleigh,North Carolina,United States of America,27607
2016-001-505536,Female,UXHT8666,Summer,Seoul,South Korea,iEARN,Dunbar,West Virginia,United States of America,25064
2016-001-506536,Female,TMYQ7357,Summer,Amman,Jordan,American Councils,Chicago,Illinois,United States of America,60615
2016-001-506023,Female,NPKR2611,Summer,Pune,India,iEARN,Keene,New Hampshire,United States of America,3431
2016-001-507909,Female,PQYA6676,Summer,Xiamen,China,UDelaware,West Chester,Pennsylvania,United States of America,19382
2016-001-522387,Male,,Year,Unknown City,Philippines,AFS USA,Ann Arbor,Michigan,United States of America,48103
2016-001-506566,Male,TTCB1185,Summer,Seoul,South Korea,iEARN,San Jose,California,United States of America,95121
2016-001-505246,Female,TKHT1996,Summer,Songdo,South Korea,SUNY Stony Brook,Alpharetta,Georgia,United States of America,30009
2016-001-506497,Male,UXFK7517,Summer,Amman,Jordan,American Councils,Huntsville,Utah,United States of America,84317
2016-001-500987,Female,UXNB8913,Summer,Chisinau,Moldova,American Councils,Olympia,Washington,United States of America,98506
2016-001-500538,Male,VHAW4415,Summer,Unknown City,Morocco,Legacy,Apex,North Carolina,United States of America,27523
2016-001-522446,Female,,Year,Unknown City,Malaysia,AFS USA,Salt Lake City,Utah,United States of America,84104
2016-001-508050,Female,SYWM1526,Year,Chisinau,Moldova,American Councils,Portland,Oregon,United States of America,97219
2016-001-508086,Female,VEEH3142,Summer,Xi’an,China,American Councils,Eden Prairie,Minnesota,United States of America,55346
2016-001-505599,Female,UGQW4624,Summer,Rabat,Morocco,iEARN,Columbus,Ohio,United States of America,43207
2016-001-501158,Female,FPFV7174,Summer,Seoul,South Korea,iEARN,Paradise,Montana,United States of America,59856
2016-001-506123,Female,NDJQ8543,Summer,Indore,India,AFS USA,Marshfield,Wisconsin,United States of America,54449
2016-001-522333,Female,XKRT2788,Summer,"Moscow (Bolshoi, dance)",Russia,Russian Amer Fdn,Aliso Viejo,California,United States of America,92656
2016-001-522344,Female,JTQQ4237,Summer,Daugavpils,Latvia,UWisconsinMad,Chicago,Illinois,United States of America,60651
2016-001-508106,Female,YVMG4427,Summer,Narva,Estonia,American Councils,Hudson,New Hampshire,United States of America,3051
2016-001-501275,Male,DKMF2986,Summer,Nanjing,China,American Councils,Coconut Creek,Florida,United States of America,33073
2016-001-506007,Male,NHPF7175,Summer,Deyang,China,AFS USA,Irvine,California,United States of America,92620
2016-001-522336,Female,HHVJ3777,Summer,"Moscow (Bolshoi, dance)",Russia,Russian Amer Fdn,Washington,District of Columbia,United States of America,20016
2016-001-506004,Female,EZQN2254,Summer,Rabat,Morocco,AMIDEAST,Riverview,Florida,United States of America,33578
2016-001-507959,Female,TTJE8589,Year,Changzhou,China,AFS USA,St. Paul,Minnesota,United States of America,55105
2016-001-522369,Female,,Year,Unknown City,Morocco,AMIDEAST,Portland,Oregon,United States of America,97221
2016-001-506580,Female,TBRC1644,Summer,Moscow,Russia,Russian Amer Fdn,Honolulu,Hawaii,United States of America,96825
2016-001-507309,Male,CJTA9235,Summer,Shanghai,China,UMinnesota,Charlottesville,Virginia,United States of America,22902
2016-001-501046,Female,RURF3638,Summer,Shanghai,China,UMinnesota,Pine Brook,New Jersey,United States of America,7058
2016-001-506810,Male,PYGW2949,Summer,Deyang,China,AFS USA,Paige,Texas,United States of America,78659
2016-001-506362,Female,JDZP7686,Summer,Pune,India,iEARN,Monterey,California,United States of America,93940
2016-001-500703,Male,DCMM2236,Summer,Shanghai,China,UMinnesota,Valpariso,Florida,United States of America,32580
2016-001-508983,Male,TFCJ8725,Summer,Amman,Jordan,AMIDEAST,Seattle,Virginia,United States of America,98103
2016-001-508339,Female,XUKB6139,Summer,Deyang,China,AFS USA,Tabor,Iowa,United States of America,51653
2016-001-501097,Female,ZHVD3253,Summer,Unknown City,Morocco,Legacy,Lexington,North Carolina,United States of America,27295
2016-001-507037,Male,YAKD3586,Summer,Xi’an,China,ACES,Laramie,Wyoming,United States of America,82072
2016-001-505247,Female,QDNC7491,Year,Kaohsiung,Taiwan,iEARN,Sparks,Nevada,United States of America,89436
2016-001-505914,Male,BPBK4232,Summer,Narva,Estonia,American Councils,Baltimore,Maryland,United States of America,21210
2016-001-500471,Male,HDJE1865,Summer,Unknown City,Morocco,Legacy,Granite Bay,California,United States of America,95746
2016-001-500738,Female,GSEZ8277,Year,Beijing,China,American Councils,Los Angeles,California,United States of America,90049
2016-001-507238,Male,BWCG2143,Summer,Chisinau,Moldova,American Councils,Springfield,Virginia,United States of America,22152
2016-001-501083,Male,VEVS2661,Summer,Rabat,Morocco,AMIDEAST,Mesa,Arizona,United States of America,85215
2016-001-506050,Female,KHGJ6252,Summer,Amman,Jordan,AMIDEAST,Norwalk,Connecticut,United States of America,6854
2016-001-522345,Male,CWDB8523,Summer,Daugavpils,Latvia,UWisconsinMad,Chicago,Illinois,United States of America,60634
2016-001-501330,Female,RDEJ3452,Summer,Unknown City,Morocco,Legacy,Charles City,Iowa,United States of America,50616
2016-001-505746,Male,BQNQ4992,Summer,Deyang,China,AFS USA,Cromwell,Connecticut,United States of America,6416
2016-001-507005,Male,WTGW5521,Summer,Songdo,South Korea,SUNY Stony Brook,Mesa,Arizona,United States of America,85207
2016-001-507461,Male,DSBA4217,Summer,Shanghai,China,UMinnesota,Norfolk,Massachusetts,United States of America,2056
2016-001-508268,Male,URCW9992,Summer,Seoul,South Korea,iEARN,Birmingham,Alabama,United States of America,35255
2016-001-500672,Male,WCHH5713,Summer,Xiamen,China,UDelaware,New York,New York,United States of America,10028
2016-001-505673,Female,VDHD2292,Summer,Amman,Jordan,American Councils,Burlington,Vermont,United States of America,5401
2016-001-505670,Female,TWVM9541,Summer,Rabat,Morocco,iEARN,Tacoma,Washington,United States of America,98403
2016-001-507954,Male,QXTF5185,Summer,Zhuhai,China,iEARN,Sautee,Georgia,United States of America,30571
2016-001-500777,Female,HUKR9789,Summer,Chisinau,Moldova,American Councils,Arlington,Virginia,United States of America,22207
2016-001-505422,Female,CJCU7155,Year,Chisinau,Moldova,American Councils,Wisconsin Rapids,Wisconsin,United States of America,54494
2016-001-522379,Male,,Year,Unknown City,Bosnia and Herzegovina,American Councils,Seattle,Washington,United States of America,98102
2016-001-522343,Female,CNYA3486,Summer,Daugavpils,Latvia,UWisconsinMad,Anchorage,Alaska,United States of America,99507
2016-001-500996,Male,MDAB7852,Year,Kaohsiung,Taiwan,iEARN,Montgomery,Alabama,United States of America,36117
2016-001-506248,Male,GWPU6785,Summer,Moscow,Russia,Russian Amer Fdn,O'Fallon,Illinois,United States of America,62269
2016-001-507156,Female,VHPF7727,Summer,Seoul,South Korea,iEARN,Centreville,Virginia,United States of America,20120
2016-001-507730,Female,KEFZ1888,Summer,Rabat,Morocco,iEARN,Prospect,Kentucky,United States of America,40059
2016-001-506998,Male,WQJS7595,Summer,Kirov,Russia,AFS USA,Columbus,Ohio,United States of America,43221-3203
2016-001-522319,Male,GXZU8423,Summer,Daugavpils,Latvia,UWisconsinMad,Anchorage,Alaska,United States of America,99517
2016-001-508087,Male,YVQE3497,Summer,Kirov,Russia,AFS USA,St. Clairsville,Ohio,United States of America,43950
2016-001-505652,Female,AJWB8278,Summer,Unknown City,Morocco,Legacy,San Francisco,California,United States of America,94133
2016-001-506570,Female,TZTR6621,Summer,Chisinau,Moldova,American Councils,Dublin,California,United States of America,94568
2016-001-507277,Female,HKMN7552,Year,Rabat,Morocco,AMIDEAST,Montgomery,Alabama,United States of America,36117
2016-001-507027,Female,XJVH7171,Summer,Amman,Jordan,AMIDEAST,Philadelphia,Pennsylvania,United States of America,19123
2016-001-508999,Female,CRFQ9926,Summer,Moscow,Russia,Russian Amer Fdn,Cicero,Illinois,United States of America,60804
2016-001-522324,Male,GYEP1113,Summer,Daugavpils,Latvia,UWisconsinMad,Chicago,Illinois,United States of America,60639
2016-001-508002,Male,JTGC8347,Summer,Amman,Jordan,AMIDEAST,Atlanta,Georgia,United States of America,30305
2016-001-508277,Female,YNDA5373,Summer,Xiamen,China,UDelaware,Spartanburg,South Carolina,United States of America,29301
2016-001-501109,Male,YJZU2185,Summer,Shanghai,China,UMinnesota,Rockville Centre,New York,United States of America,11570
2016-001-522351,Female,,Year,Unknown City,Philippines,AFS USA,Ham Lake,Minnesota,United States of America,55304
2016-001-507330,Male,EBPZ6992,Summer,Amman,Jordan,American Councils,Greensboro,North Carolina,United States of America,27410
2016-001-501374,Male,NMXT4882,Summer,Moscow,Russia,Russian Amer Fdn,Sonoma,California,United States of America,95476
2016-001-505996,Female,HZSH1493,Summer,Seoul,South Korea,iEARN,santa ana,California,United States of America,92707
2016-001-506299,Female,FMHW9126,Year,Chisinau,Moldova,American Councils,Baltimore,Maryland,United States of America,21201
2016-001-505235,Female,NCZA2278,Year,Beijing,China,American Councils,Honolulu,Hawaii,United States of America,96816
2016-001-501284,Male,ZDZM9819,Summer,Deyang,China,AFS USA,Delphos,Ohio,United States of America,45833
2016-001-505299,Female,HWSG7769,Summer,Amman,Jordan,American Councils,Norwich,Vermont,United States of America,5055
2016-001-508133,Male,WNHQ7291,Summer,Indore,India,AFS USA,Westford,Massachusetts,United States of America,1886
2016-001-507333,Female,CFBH3314,Summer,Amman,Jordan,AMIDEAST,Virginia Beach,Virginia,United States of America,23456
2016-001-507328,Male,HDVY3793,Summer,Deyang,China,AFS USA,Phoenix,Arizona,United States of America,85048
2016-001-506062,Female,FVAX2632,Summer,Songdo,South Korea,SUNY Stony Brook,Oconomowoc,Wisconsin,United States of America,53066
2016-001-507195,Male,TZNU6631,Summer,Moscow,Russia,Russian Amer Fdn,San Salvador,Colonia Escalon,El Salvador,99999
2016-001-506321,Female,FFPB5496,Summer,Indore,India,AFS USA,Houston,Texas,United States of America,77071
2016-001-505490,Female,AUKF9836,Summer,Moscow,Russia,Russian Amer Fdn,Portland,Oregon,United States of America,97224
2016-001-508272,Male,YHPW1565,Summer,Deyang,China,AFS USA,New Hill,North Carolina,United States of America,27562
2016-001-506972,Female,YXAF1141,Summer,Kirov,Russia,AFS USA,Bainbridge Island,Washington,United States of America,98110
2016-001-522309,Female,RGEP2138,Summer,"Moscow (Bolshoi, dance)",Russia,Russian Amer Fdn,Clark,New Jersey,United States of America,7066
2016-001-500139,Female,QBFY4727,Summer,Amman,Jordan,American Councils,Omaha,Nebraska,United States of America,68154
2016-001-505596,Male,WVSJ1836,Summer,Xi’an,China,ACES,Concord,New Hampshire,United States of America,3301
2016-001-507966,Male,KMFZ7757,Summer,Narva,Estonia,American Councils,Troy,New York,United States of America,12180
2016-001-505341,Female,EMGY4549,Summer,Nanjing,China,American Councils,Charlotte,North Carolina,United States of America,28211
2016-001-505241,Male,SNTF2349,Summer,Xi’an,China,ACES,Pittsford,New York,United States of America,14534
2016-001-522337,Female,QBFZ8286,Summer,"Moscow (Bolshoi, dance)",Russia,Russian Amer Fdn,Greer,South Carolina,United States of America,29650
2016-001-506188,Female,MFYD4965,Summer,Jeonju,South Korea,American Councils,McLean,Virginia,United States of America,22101
2016-001-500929,Male,BZUX6566,Summer,Kirov,Russia,AFS USA,Melbourne,Florida,United States of America,32940
2016-001-507994,Male,PXKA8371,Year,Marrakesh,Morocco,Legacy,High Point,North Carolina,United States of America,27265
2016-001-506639,Female,QJMN5428,Summer,Indore,India,AFS USA,St. Paul,Minnesota,United States of America,55117
2016-001-501140,Male,FZFK7693,Year,Chisinau,Moldova,American Councils,Gillette,Wyoming,United States of America,82718
2016-001-500396,Female,XAXS8582,Summer,Deyang,China,AFS USA,Acton,Massachusetts,United States of America,1720
2016-001-505287,Female,CJDD4385,Summer,Amman,Jordan,American Councils,Canyon Country,California,United States of America,91387
2016-001-506848,Male,QJMK5759,Year,Marrakesh,Morocco,Legacy,Chicago,Illinois,United States of America,60707
2016-001-501233,Female,FPFP5356,Summer,Rabat,Morocco,AMIDEAST,Brooklyn,New York,United States of America,11215
2016-001-505269,Female,ZBRH9883,Year,Marrakesh,Morocco,Legacy,Bozeman,Montana,United States of America,59715
2016-001-505911,Male,CHQZ4839,Summer,Pune,India,iEARN,Euless,Texas,United States of America,76039
2016-001-501297,Male,BFNY4826,Summer,Dushanbe,Tajikistan,American Councils,Boise,Idaho,United States of America,83716
2016-001-522317,Female,PWBM7578,Summer,Daugavpils,Latvia,UWisconsinMad,Chicago,Illinois,United States of America,60639
2016-001-506551,Male,UMFS5881,Summer,Songdo,South Korea,SUNY Stony Brook,Missouri City,Texas,United States of America,77459
2016-001-506434,Female,QDEM2585,Summer,Amman,Jordan,American Councils,Concord,North Carolina,United States of America,28027
2016-001-505671,Male,BREN1893,Year,Rabat,Morocco,AMIDEAST,Vienna,Virginia,United States of America,22180
2016-001-506503,Female,WCFG3248,Summer,Shanghai,China,UMinnesota,Virginia Beach,Virginia,United States of America,23462
2016-001-509000,Female,RTFF7466,Summer,Xi’an,China,ACES,Chicago,Illinois,United States of America,60632
2016-001-508993,Female,EUVP5692,Summer,Kirov,Russia,AFS USA,Maspeth,New York,United States of America,11378
2016-001-507016,Male,ZUNT6137,Summer,Chisinau,Moldova,American Councils,Gracey,Kentucky,United States of America,42232
2016-001-505250,Female,GPPJ4193,Summer,Xi’an,China,ACES,Herndon,Virginia,United States of America,20170
2016-001-501325,Male,PCBN7973,Summer,Rabat,Morocco,iEARN,Escondido,California,United States of America,92026
2016-001-506581,Male,WDCC2438,Summer,Shanghai,China,UMinnesota,Long Grove,Illinois,United States of America,60047
2016-001-500802,Female,RQRT6215,Summer,Chisinau,Moldova,American Councils,Oskaloosa,Iowa,United States of America,52577
2016-001-507658,Male,GENK6311,Summer,Xi’an,China,American Councils,Westport,Connecticut,United States of America,6880
2016-001-505616,Male,MYWS6398,Summer,Seoul,South Korea,iEARN,Western Springs,Illinois,United States of America,60558
2016-001-500993,Female,AJCJ8398,Summer,Jeonju,South Korea,American Councils,Chamblee,Georgia,United States of America,30341
2016-001-505263,Female,XYRR4927,Summer,Amman,Jordan,American Councils,Boerne,Texas,United States of America,78006
2016-001-501096,Female,KNXR8569,Summer,Dushanbe,Tajikistan,American Councils,Salt Lake City,Utah,United States of America,84108
2016-001-501126,Female,PTGX4843,Summer,Rabat,Morocco,AMIDEAST,Baltimore,Maryland,United States of America,21217
2016-001-506357,Male,HUAP4838,Summer,Amman,Jordan,AMIDEAST,Missoula,Montana,United States of America,59803
2016-001-507823,Male,SQYW2615,Summer,Moscow,Russia,Russian Amer Fdn,Rye,New York,United States of America,10580
2016-001-500675,Female,WKDM8383,Summer,Xiamen,China,UDelaware,Lauderhill,Florida,United States of America,33313
2016-001-522320,Male,WUKZ9953,Summer,Daugavpils,Latvia,UWisconsinMad,Anchorage,Alaska,United States of America,99507
2016-001-500819,Male,KGQK5564,Year,Seoul,South Korea,iEARN,Lilburn,Georgia,United States of America,30047
2016-001-506128,Female,EYGZ6629,Summer,Zhuhai,China,iEARN,Lewisburg,Pennsylvania,United States of America,17837
2016-001-505386,Female,BANM9871,Summer,Deyang,China,AFS USA,Skillman,New Jersey,United States of America,8558
2016-001-522373,Male,,Year,Unknown City,Philippines,AFS USA,Kents Store,Virginia,United States of America,23084
2016-001-506542,Female,NWZT7252,Summer,Indore,India,AFS USA,Austin,Texas,United States of America,78702
2016-001-507947,Male,SMWY4983,Year,Marrakesh,Morocco,Legacy,Bellevue,Washington,United States of America,98004
2016-001-500469,Female,RKGE3935,Summer,Shanghai,China,UMinnesota,Atlanta,Georgia,United States of America,30319
2016-001-506964,Male,ZMDP8266,Summer,Seoul,South Korea,iEARN,Springfield,Missouri,United States of America,65810
2016-001-507855,Male,MEET8115,Summer,Dushanbe,Tajikistan,American Councils,San Francisco,California,United States of America,94105
2016-001-508312,Female,ZZCK1942,Year,Rabat,Morocco,AMIDEAST,Lebanon,Tennessee,United States of America,37090
2016-001-506135,Female,MUBG2416,Summer,Pune,India,iEARN,Virginia Beach,Virginia,United States of America,23452
2016-001-507413,Female,EWSD9888,Year,Beijing,China,American Councils,Forest Lake,Minnesota,United States of America,55025
2016-001-506275,Male,FKWK8136,Summer,Shanghai,China,UMinnesota,Midway,Kentucky,United States of America,40347
2016-001-505716,Male,CZZB2189,Summer,Unknown City,Morocco,Legacy,Philadelphia,Pennsylvania,United States of America,19145
2016-001-501338,Male,TZXT6212,Summer,Nanjing,China,American Councils,Knoxville,Tennessee,United States of America,37923
2016-001-508156,Male,ZANS1812,Year,Marrakesh,Morocco,Legacy,Champaign,Illinois,United States of America,61821
2016-001-508980,Female,WGBU5826,Summer,Shanghai,China,UMinnesota,Seattle,Washington,United States of America,98108
2016-001-506584,Male,RFBC1862,Summer,Zhuhai,China,iEARN,Louisville,Kentucky,United States of America,40241
2016-001-506930,Female,XTMF5441,Summer,Indore,India,AFS USA,Valparaiso,Indiana,United States of America,46383
2016-001-505292,Female,XVXR4778,Summer,Zhuhai,China,iEARN,Thornton,Colorado,United States of America,80233
2016-001-505483,Female,DMTM9711,Summer,Unknown City,Morocco,Legacy,Pleasanton,California,United States of America,94566
2016-001-509013,Female,VSAF9497,Summer,Indore,India,AFS USA,Brooklyn,New York,United States of America,11203
2016-001-501235,Female,QRGN6932,Summer,Rabat,Morocco,AMIDEAST,Asheville,North Carolina,United States of America,28803
2016-001-506511,Male,UCGQ6655,Summer,Suzhou,China,American Councils,Salt Lake City,Utah,United States of America,84106
2016-001-506333,Male,FZQB8494,Summer,Suzhou,China,American Councils,Denver,Colorado,United States of America,80211
2016-001-501038,Male,GJCU5524,Summer,Xi’an,China,ACES,Cedar Glen,California,United States of America,92321
2016-001-506997,Female,YDKG5357,Summer,Indore,India,AFS USA,Denver,Colorado,United States of America,80230
2016-001-501147,Female,DGRK4686,Summer,Moscow,Russia,Russian Amer Fdn,Chicago,Illinois,United States of America,60707
2016-001-506108,Male,GXXH1256,Summer,Xiamen,China,UDelaware,Clarksville,Maryland,United States of America,21029
2016-001-506104,Female,JZBH6547,Summer,Xi’an,China,ACES,miami,Florida,United States of America,33186
2016-001-505496,Male,XSAR7171,Summer,Amman,Jordan,American Councils,New York,New York,United States of America,10028
2016-001-500501,Male,WZVM8162,Summer,Seoul,South Korea,iEARN,Gold Canyon,Arizona,United States of America,85118
2016-001-506638,Male,TCKJ3286,Summer,Zhuhai,China,iEARN,Durham,North Carolina,United States of America,27701
2016-001-506910,Male,SYCV8962,Summer,Zhuhai,China,iEARN,Tinley Park,Illinois,United States of America,60487
2016-001-505638,Female,XYDQ7873,Summer,Xi’an,China,ACES,North Easton,Massachusetts,United States of America,2356
2016-001-506049,Female,GUQC4184,Summer,Dushanbe,Tajikistan,American Councils,Washington,District of Columbia,United States of America,20008
2016-001-500737,Female,JKTR8216,Summer,Amman,Jordan,AMIDEAST,Chicago,Illinois,United States of America,60612
2016-001-501295,Male,PCEK7281,Summer,Suzhou,China,American Councils,Miami Beach,Florida,United States of America,33141
2016-001-506054,Female,JHYY5947,Summer,Kirov,Russia,AFS USA,Columbia Station,Ohio,United States of America,44028
2016-001-522410,Female,,Year,Unknown City,Bosnia and Herzegovina,American Councils,Los Alamos,New Mexico,United States of America,87544
2016-001-522403,Female,,Year,Unknown City,Ghana,AFS USA,Asheville,North Carolina,United States of America,28806
2016-001-505852,Male,DAXR1821,Summer,Chisinau,Moldova,American Councils,Athens,Georgia,United States of America,30605
2016-001-505931,Female,EGPT3495,Summer,Suzhou,China,American Councils,Washington,District of Columbia,United States of America,20009
2016-001-505245,Male,KZGC2736,Summer,Xiamen,China,UDelaware,Kensington,Maryland,United States of America,20895
2016-001-506210,Female,JCYA1476,Summer,Xiamen,China,UDelaware,Twinsburg,Ohio,United States of America,44087
2016-001-501173,Female,MMAB2643,Summer,Pune,India,iEARN,Sacramento,California,United States of America,95819
2016-001-507898,Male,KDNJ4947,Summer,Indore,India,AFS USA,New York,New York,United States of America,10065
2016-001-522445,Female,,Year,Unknown City,Jordan,AMIDEAST,North Scituate,Rhode Island,United States of America,2857
2016-001-508159,Female,VAMT5965,Summer,Songdo,South Korea,SUNY Stony Brook,Kailua,Hawaii,United States of America,96734
2016-001-506485,Female,PYKY9366,Year,Chisinau,Moldova,American Councils,Wayland,Massachusetts,United States of America,1778
2016-001-522393,Female,,Year,Unknown City,Thailand,AFS USA,Chapel Hill,North Carolina,United States of America,27517
2016-001-506927,Female,UDBC5512,Year,Beijing,China,American Councils,Rehoboth,Massachusetts,United States of America,2769
2016-001-500783,Female,AECT9484,Year,Seoul,South Korea,iEARN,Irving,Texas,United States of America,75062
2016-001-506091,Female,JVKH4651,Summer,Nanjing,China,American Councils,Chicago,Illinois,United States of America,60645
2016-001-522334,Female,WHFA4969,Summer,"Moscow (Bolshoi, dance)",Russia,Russian Amer Fdn,Longmeadow,Massachusetts,United States of America,1106
2016-001-522352,Female,,Year,Unknown City,Jordan,AMIDEAST,State College,Pennsylvania,United States of America,16801
2016-001-506863,Female,UMTS5457,Summer,Xi’an,China,American Councils,New York,New York,United States of America,10027
2016-001-500526,Female,ZMPD9128,Summer,Rabat,Morocco,iEARN,Seattle,Washington,United States of America,98144
2016-001-509002,Female,DVPT4822,Summer,Seoul,South Korea,iEARN,New York City,New York,United States of America,10451
2016-001-500934,Female,UMNV9392,Year,Rabat,Morocco,AMIDEAST,Broomfield,Colorado,United States of America,80020
2016-001-505680,Female,QMCY1612,Summer,Amman,Jordan,American Councils,Liberty,Missouri,United States of America,64068
2016-001-508236,Male,XKRD4668,Summer,Narva,Estonia,American Councils,Exeter,New Hampshire,United States of America,3833
2016-001-508065,Female,PYNX7383,Summer,Chisinau,Moldova,American Councils,Knoxville,Tennessee,United States of America,37921
2016-001-507665,Male,EFNV5535,Summer,Amman,Jordan,American Councils,Worcester,Massachusetts,United States of America,1610
2016-001-507802,Female,TTFZ1449,Summer,Deyang,China,AFS USA,Jasper,Georgia,United States of America,30143
2016-001-506305,Male,JTHD5795,Summer,Xi’an,China,ACES,Poway,California,United States of America,92064
2016-001-508984,Female,VNKQ5329,Summer,Rabat,Morocco,AMIDEAST,North Las Vegas,Nevada,United States of America,89030
2016-001-501296,Male,EZET9576,Summer,Xiamen,China,UDelaware,Toledo,Ohio,United States of America,43614
2016-001-522380,Female,,Year,Unknown City,Thailand,AFS USA,Hopewell,New Jersey,United States of America,8525
2016-001-501139,Male,CPWT6867,Summer,Jeonju,South Korea,American Councils,Exeter,New Hampshire,United States of America,3833
2016-001-507520,Female,BBDY8613,Summer,Nanjing,China,American Councils,New York,New York,United States of America,10128
2016-001-506931,Male,YAZQ2284,Year,Seoul,South Korea,iEARN,Youngstown,Ohio,United States of America,44512
2016-001-508144,Female,ZKNE4661,Summer,Seoul,South Korea,iEARN,Lawrenceville,New Jersey,United States of America,8648
2016-001-505601,Female,JQQF9495,Summer,Shanghai,China,UMinnesota,Chicago,Illinois,United States of America,60615
2016-001-505307,Male,AQAE6931,Summer,Kirov,Russia,AFS USA,Amherst,Massachusetts,United States of America,1002
2016-001-500727,Male,XVJG3374,Year,Beijing,China,American Councils,Inwood,West Virginia,United States of America,25428
2016-001-506933,Female,WPTR8372,Summer,Seoul,South Korea,iEARN,Teaneck,New Jersey,United States of America,7666
2016-001-501189,Male,DNGM9387,Year,Chisinau,Moldova,American Councils,Knoxville,Tennessee,United States of America,37934
2016-001-507247,Male,VBZY5835,Summer,Songdo,South Korea,SUNY Stony Brook,Alexandria,Virginia,United States of America,22310
2016-001-501341,Male,JMVF1513,Summer,Xi’an,China,ACES,FPO,Armed Forces Pacific,United States of America,96392
2016-001-506406,Female,JCRR7492,Summer,Moscow,Russia,Russian Amer Fdn,Greene,Rhode Island,United States of America,2827
2016-001-500963,Male,VTMC9673,Summer,Zhuhai,China,iEARN,Los Angeles,California,United States of America,90024
2016-001-507982,Male,NSEC1658,Summer,Xi’an,China,American Councils,White Plains,New York,United States of America,10605
2016-001-522356,Male,,Year,Unknown City,Bosnia and Herzegovina,American Councils,San Rafael,California,United States of America,94903
2016-001-500865,Female,CSHC6796,Year,Beijing,China,American Councils,Santa Rosa,California,United States of America,95404
2016-001-500782,Female,MMDZ7181,Year,Unknown City,Turkey,AFS USA,Raleigh,North Carolina,United States of America,27608
2016-001-500927,Female,PRXV7891,Year,Seoul,South Korea,iEARN,Bayside,New York,United States of America,11360
2016-001-506202,Male,FFJR8781,Summer,Zhuhai,China,iEARN,Englewood,Colorado,United States of America,80113
2016-001-506994,Female,XEBA1321,Summer,Xi’an,China,ACES,Seattle,Washington,United States of America,98115
2016-001-505319,Male,FMZP7485,Summer,Nanjing,China,American Councils,Chicago,Illinois,United States of America,60607
2016-001-505714,Male,DPUH8695,Summer,Rabat,Morocco,iEARN,Hillsborough,North Carolina,United States of America,27278
2016-001-506030,Male,MSPG6779,Summer,Nanjing,China,American Councils,Lawrence,Kansas,United States of America,66049
2016-001-506499,Female,SGEY6231,Summer,Deyang,China,AFS USA,Spokane Valley,Washington,United States of America,99037
2016-001-506870,Female,SUZQ6844,Summer,Dushanbe,Tajikistan,American Councils,Florence,South Carolina,United States of America,29501
2016-001-522458,Female,,Year,Unknown City,Malaysia,AFS USA,Castle Pines,Colorado,United States of America,80108
2016-001-501138,Male,GFMM9773,Summer,Jeonju,South Korea,American Councils,LaVale,Maryland,United States of America,21502
2016-001-505941,Male,NJJN8619,Summer,Chisinau,Moldova,American Councils,Plano,Texas,United States of America,75025
2016-001-505537,Male,XCVM3276,Summer,Xi’an,China,American Councils,Providence,Rhode Island,United States of America,2906
2016-001-505023,Male,ZXTS1382,Year,Kaohsiung,Taiwan,iEARN,Kenwood,California,United States of America,95452
2016-001-506379,Female,KQXH4398,Summer,Zhuhai,China,iEARN,Troy,Michigan,United States of America,48083
2016-001-505239,Female,EEAD9573,Summer,Jeonju,South Korea,American Councils,Saint Louis,Missouri,United States of America,63119
2016-001-505735,Male,BAVR9516,Summer,Xi’an,China,ACES,Sharon,Connecticut,United States of America,6069
2016-001-505679,Male,YVSU5482,Summer,Zhuhai,China,iEARN,Richmond,Virginia,United States of America,23221
2016-001-500728,Male,PYBH8327,Summer,Zhuhai,China,iEARN,Marietta,Georgia,United States of America,30066
2016-001-505373,Female,NGHN4835,Summer,Xiamen,China,UDelaware,Chicago,Illinois,United States of America,60608
2016-001-505910,Male,AJDY8152,Summer,Xi’an,China,American Councils,Provo,Utah,United States of America,84604
2016-001-500358,Male,ECAN9947,Summer,Suzhou,China,American Councils,Sharon,Massachusetts,United States of America,2067
2016-001-505922,Male,AKVM9742,Year,Kaohsiung,Taiwan,iEARN,Pittsburgh,Pennsylvania,United States of America,15241
2016-001-501181,Male,KCND1991,Summer,Kirov,Russia,AFS USA,Newton,Massachusetts,United States of America,2458
2016-001-506196,Female,FUTQ8265,Summer,Indore,India,AFS USA,Jellico,Tennessee,United States of America,37762
2016-001-501199,Male,MSPR2273,Year,Kaohsiung,Taiwan,iEARN,Fairfax,Virginia,United States of America,22033
2016-001-505620,Male,KKDQ6984,Summer,Chisinau,Moldova,American Councils,Marlton,New Jersey,United States of America,8053
2016-001-507463,Female,FVME7854,Summer,Narva,Estonia,American Councils,Aurora,Illinois,United States of America,60503
2016-001-501079,Male,NYFJ8785,Summer,Shanghai,China,UMinnesota,Cincinnati,Ohio,United States of America,45208
2016-001-501222,Female,RXDG9874,Summer,Songdo,South Korea,SUNY Stony Brook,Baltimore,Maryland,United States of America,21210
2016-001-506634,Male,UWNF4328,Summer,Suzhou,China,American Councils,New Albany,Ohio,United States of America,43054
2016-001-508986,Female,BGBB1745,Summer,Xi’an,China,American Councils,Chicago,Illinois,United States of America,60620
2016-001-505636,Male,EAMQ5681,Summer,Rabat,Morocco,AMIDEAST,marblehead,Massachusetts,United States of America,1945
2016-001-507197,Female,QZTB9251,Year,Marrakesh,Morocco,Legacy,Claremont,California,United States of America,91711
2016-001-522448,Female,,Year,Unknown City,Turkey,AFS USA,Charlottesville,Virginia,United States of America,22903
2016-001-507820,Female,SGUV3153,Summer,Unknown City,Morocco,Legacy,Pennington,New Jersey,United States of America,8534
2016-001-507712,Male,PUKZ6769,Summer,Shanghai,China,UMinnesota,Knoxville,Tennessee,United States of America,37923-1975
2016-001-500140,Female,NDEC7235,Summer,Seoul,South Korea,iEARN,West Columbia,South Carolina,United States of America,29170
2016-001-522464,Female,,Year,Unknown City,India,AFS USA,Columbus,Ohio,United States of America,43221
2016-001-522428,Male,,Year,Unknown City,Ghana,AFS USA,Little Valley,New York,United States of America,14755
2016-001-508284,Female,UANV2832,Summer,Pune,India,iEARN,Houston,Texas,United States of America,77055
2016-001-500398,Female,CQRY5584,Summer,Xiamen,China,UDelaware,Los Angeles,California,United States of America,90026
2016-001-506513,Female,RTTQ8491,Summer,Unknown City,Morocco,Legacy,Campbellsville,Georgia,United States of America,42718
2016-001-500547,Male,XFMY4142,Summer,Seoul,South Korea,iEARN,Las Cruces,New Mexico,United States of America,88012
2016-001-506532,Male,TBBS4357,Summer,Xi’an,China,American Councils,Albany,California,United States of America,94706
2016-001-506573,Female,TQTQ2873,Summer,Amman,Jordan,American Councils,Madison,Alabama,United States of America,35758
2016-001-506042,Male,HDUH5914,Summer,Unknown City,Morocco,Legacy,Oconomowoc,Wisconsin,United States of America,53066
2016-001-505962,Male,JPHB5419,Summer,Indore,India,AFS USA,Swarthmore,Pennsylvania,United States of America,19081
2016-001-522326,Female,TVNG2544,Summer,Daugavpils,Latvia,UWisconsinMad,Chicago,Illinois,United States of America,60639
2016-001-500926,Male,ZCZS5698,Year,Changzhou,China,AFS USA,Philadelphia,Pennsylvania,United States of America,19106
2016-001-508988,Female,MGFH1835,Summer,Seoul,South Korea,iEARN,Brooklyn,New York,United States of America,11225
2016-001-522362,Female,,Year,Unknown City,Bosnia and Herzegovina,American Councils,Rochester,New York,United States of America,14617
2016-001-508349,Female,BEXY5451,Summer,Xi’an,China,ACES,Louisville,Kentucky,United States of America,40204
2016-001-505498,Male,QGCP7631,Summer,Pune,India,iEARN,New York,New York,United States of America,10128
2016-001-501321,Male,VCWT7378,Summer,Xi’an,China,American Councils,Studio City,California,United States of America,91604
2016-001-505513,Male,YRBX6118,Summer,Xi’an,China,American Councils,Tucson,Arizona,United States of America,85743
2016-001-506671,Male,UPEH8582,Summer,Rabat,Morocco,iEARN,Bonita,California,United States of America,91902
2016-001-500976,Female,ZCAJ2761,Summer,Songdo,South Korea,SUNY Stony Brook,Maple Grove,Minnesota,United States of America,55311
2016-001-501399,Female,VWFH5882,Summer,Zhuhai,China,iEARN,Grapevine,Texas,United States of America,76051
2016-001-505947,Female,MJNE6533,Year,Unknown City,Turkey,AFS USA,Poolesville,Maryland,United States of America,20837
2016-001-505332,Female,ECZM5266,Summer,Xiamen,China,UDelaware,Oakland,California,United States of America,94611
2016-001-522460,Male,,Year,Unknown City,India,AFS USA,Jersey City,New Jersey,United States of America,7307
2016-001-505553,Female,DRWX5428,Summer,Suzhou,China,American Councils,St. Louis,Missouri,United States of America,63131
2016-001-501072,Female,XGKY9952,Summer,Seoul,South Korea,iEARN,Springfield,Virginia,United States of America,22152
2016-001-522423,Female,,Year,Unknown City,Philippines,AFS USA,Coquille,Oregon,United States of America,97423
2016-001-506469,Female,VKMJ8912,Summer,Suzhou,China,American Councils,Piscataway,New Jersey,United States of America,8854
2016-001-500637,Female,ZKPG6355,Summer,Seoul,South Korea,iEARN,Dexter,Michigan,United States of America,48130
2016-001-508182,Female,XSPA8246,Summer,Unknown City,Morocco,Legacy,Cambridge,Massachusetts,United States of America,2138
2016-001-506330,Male,JPMX9239,Summer,Unknown City,Morocco,Legacy,Missoula,Montana,United States of America,59803
2016-001-500480,Male,UUMV2645,Summer,Nanjing,China,American Councils,Chattanooga,Tennessee,United States of America,37419
2016-001-505748,Male,AYGR4562,Summer,Xiamen,China,UDelaware,Mill Valley,California,United States of America,94941
2016-001-522366,Female,,Year,Unknown City,Ghana,AFS USA,Santa Cruz,California,United States of America,95062
2016-001-500163,Male,UFJD9422,Summer,Amman,Jordan,American Councils,Van Alstyne,Texas,United States of America,75495
2016-001-522437,Female,,Year,Unknown City,Senegal,American Councils,East Montpelier,Vermont,United States of America,5651
2016-001-507011,Female,ZTAC6666,Summer,Jeonju,South Korea,American Councils,Virginia Beach,Virginia,United States of America,23452
2016-001-508092,Male,YKWV3313,Year,Rabat,Morocco,AMIDEAST,Darien,Connecticut,United States of America,6820
2016-001-501337,Male,KMCD5814,Summer,Amman,Jordan,AMIDEAST,Portland,Oregon,United States of America,97210
2016-001-522312,Female,SVDJ2572,Summer,"Moscow (Bolshoi, dance)",Russia,Russian Amer Fdn,Cary,North Carolina,United States of America,27511
2016-001-507983,Female,NDQM5117,Summer,Suzhou,China,American Councils,Chicago,Illinois,United States of America,60653
2016-001-507207,Male,EZWD8157,Summer,Unknown City,Morocco,Legacy,Norwalk,Connecticut,United States of America,6854
2016-001-505943,Male,KJHB1858,Summer,Xiamen,China,UDelaware,Coral Springs,Florida,United States of America,33071
2016-001-505969,Female,FAJB1731,Summer,Seoul,South Korea,iEARN,Gainesville,Georgia,United States of America,30506
2016-001-507709,Female,RGDA9492,Summer,Deyang,China,AFS USA,Sandusky,Ohio,United States of America,44870
2016-001-506420,Female,KYND8178,Summer,Rabat,Morocco,iEARN,Philadelphia,Pennsylvania,United States of America,19129
2016-001-505352,Female,KJCX2285,Summer,Narva,Estonia,American Councils,Glastonbury,Connecticut,United States of America,6033
2016-001-509011,Female,BZWC8653,Summer,Unknown City,Morocco,Legacy,Seattle,Washington,United States of America,98108
2016-001-507352,Female,CJWU2859,Summer,Zhuhai,China,iEARN,Atlanta,Georgia,United States of America,30328
2016-001-500969,Male,KFRX4633,Year,Seoul,South Korea,iEARN,Louisville,Colorado,United States of America,80027
2016-001-500665,Female,VMAE4491,Year,Marrakesh,Morocco,Legacy,Fairfax,Virginia,United States of America,22030
2016-001-506392,Female,HWHB1497,Summer,Kirov,Russia,AFS USA,San Marino,California,United States of America,91108
2016-001-522376,Female,,Year,Unknown City,India,AFS USA,Lawrenceville,Georgia,United States of America,30044
2016-001-506018,Female,HTUW9597,Summer,Xi’an,China,American Councils,Madison,Wisconsin,United States of America,53704
2016-001-505792,Female,DGKU8816,Year,Indore,India,AFS USA,Ann Arbor,Michigan,United States of America,48104
2016-001-508338,Female,WNWA1297,Summer,Unknown City,Morocco,Legacy,Houston,Texas,United States of America,77053
2016-001-505712,Female,BUPJ6483,Summer,Dushanbe,Tajikistan,American Councils,Fort Myers,Florida,United States of America,33901
2016-001-507787,Female,NBUT9194,Year,Seoul,South Korea,iEARN,edina,Minnesota,United States of America,55436
2016-001-505407,Female,WGPK3798,Summer,Xi’an,China,ACES,Oshkosh,Wisconsin,United States of America,54902
2016-001-507145,Female,ZHUP2175,Summer,Indore,India,AFS USA,Boalsburg,Pennsylvania,United States of America,16827
2016-001-506008,Female,GHQY5679,Summer,Kirov,Russia,AFS USA,Lexington,Kentucky,United States of America,40508
2016-001-501159,Female,KRZA8457,Summer,Seoul,South Korea,iEARN,Los Angeles,California,United States of America,90005
2016-001-506726,Male,UKFE7957,Summer,Zhuhai,China,iEARN,Chesterfield,Missouri,United States of America,63017
2016-001-506296,Male,HBWV4269,Summer,Xiamen,China,UDelaware,Leawood,Kansas,United States of America,66206
2016-001-500967,Female,FSQP9178,Year,Seoul,South Korea,iEARN,Eden Prairie,Minnesota,United States of America,55347
2016-001-507781,Female,MZQX8622,Year,Marrakesh,Morocco,Legacy,Sioux Falls,South Dakota,United States of America,57104
2016-001-500624,Male,PTHK2157,Year,Beijing,China,American Councils,Knoxville,Tennessee,United States of America,37923
2016-001-505626,Female,KPKG7226,Summer,Dushanbe,Tajikistan,American Councils,Indianapolis,Indiana,United States of America,46256
2016-001-505251,Female,DXCC3325,Summer,Pune,India,iEARN,Denville,New Jersey,United States of America,7834
2016-001-522303,Female,WVYQ6854,Summer,"Moscow (Bolshoi, dance)",Russia,Russian Amer Fdn,Snowmass Village,Colorado,United States of America,81615
2016-001-522465,Female,,Year,Unknown City,Senegal,American Councils,Boise,Idaho,United States of America,83702
2016-001-507317,Female,FPBX5812,Summer,Xiamen,China,UDelaware,Montgomery,Alabama,United States of America,36109
2016-001-505559,Male,SSTZ4865,Summer,Xiamen,China,UDelaware,Hopkinton,Massachusetts,United States of America,1748
2016-001-505797,Female,CYPT8973,Summer,Chisinau,Moldova,American Councils,Falls Church,Virginia,United States of America,22042
2016-001-506473,Female,RVCB5493,Summer,Seoul,South Korea,iEARN,Sauk City,Wisconsin,United States of America,53583
2016-001-507870,Male,RQKA2664,Summer,Nanjing,China,American Councils,Beverly Hills,California,United States of America,90210
2016-001-507969,Male,QSBJ4155,Summer,Nanjing,China,American Councils,Phoenix,Arizona,United States of America,85018
2016-001-506991,Female,YYZD2588,Year,Indore,India,AFS USA,Missoula,Montana,United States of America,59081
2016-001-507318,Male,GMBJ4535,Summer,Chisinau,Moldova,American Councils,Cooperstown,New York,United States of America,13326
2016-001-500654,Male,TPTA6732,Summer,Rabat,Morocco,AMIDEAST,Wichita,Kansas,United States of America,67207
2016-001-506919,Female,PTFP8588,Summer,Nanjing,China,American Councils,Brooklyn,New York,United States of America,11234
2016-001-501149,Female,ZSRN5626,Summer,Rabat,Morocco,AMIDEAST,Johnson City,Texas,United States of America,78636
2016-001-505629,Male,JNVK3855,Summer,Chisinau,Moldova,American Councils,Cumming,Georgia,United States of America,30040
2016-001-506323,Female,JTBQ6947,Summer,Xi’an,China,ACES,Watkinsville,Georgia,United States of America,30677
2016-001-508996,Female,AQXT1939,Summer,Xi’an,China,ACES,Houston,Texas,United States of America,77099
2016-001-507307,Female,HHHS7625,Summer,Unknown City,Morocco,Legacy,lexington,Kentucky,United States of America,40502
2016-001-501182,Female,UGCC1155,Summer,Rabat,Morocco,iEARN,Los Angeles,California,United States of America,90045
2016-001-505062,Female,TJTG7317,Summer,Songdo,South Korea,SUNY Stony Brook,Arlington,Virginia,United States of America,22207
2016-001-501101,Female,DDTE2638,Summer,Suzhou,China,American Councils,Woodbury,Minnesota,United States of America,55129
2016-001-505255,Female,BWBD3312,Summer,Deyang,China,AFS USA,Rothschild,Wisconsin,United States of America,54474
2016-001-506318,Male,EKMU5957,Summer,Dushanbe,Tajikistan,American Councils,Arlington,Virginia,United States of America,22213
2016-001-507832,Male,NBUX7433,Summer,Nanjing,China,American Councils,Chicago,Illinois,United States of America,60614
2016-001-508216,Female,XPPH4559,Summer,Xi’an,China,American Councils,Arlington,Virginia,United States of America,22201
2016-001-507977,Male,JKYW9911,Summer,Nanjing,China,American Councils,Lookout Mountain,Tennessee,United States of America,37350
2016-001-507635,Female,CZNE7534,Summer,Suzhou,China,American Councils,Exton,Pennsylvania,United States of America,19341
2016-001-508322,Male,YEWD4347,Summer,Xi’an,China,American Councils,FPO,Armed Forces Pacific,United States of America,96322
2016-001-522463,Female,,Year,Unknown City,Thailand,AFS USA,Puyallup,Washington,United States of America,98374
2016-001-505866,Female,EJNJ9758,Summer,Xi’an,China,ACES,Baton Rouge,Louisiana,United States of America,70817
2016-001-501300,Female,RRBC3855,Summer,Seoul,South Korea,iEARN,Exton,Pennsylvania,United States of America,19341
2016-001-500193,Female,UDQR3129,Summer,Suzhou,China,American Councils,Weymouth,Massachusetts,United States of America,2190
2016-001-505981,Female,KBBJ2757,Year,Beijing,China,American Councils,Bethesda,Maryland,United States of America,20817
2016-001-500814,Female,DGZV4829,Summer,Seoul,South Korea,iEARN,West Palm Beach,Florida,United States of America,33412
2016-001-522321,Male,JVGB1934,Summer,Daugavpils,Latvia,UWisconsinMad,Chicago,Illinois,United States of America,60639
2016-001-500701,Male,FJMK7357,Summer,Rabat,Morocco,iEARN,Jackson,California,United States of America,95642
2016-001-505400,Female,FGXF5328,Summer,Rabat,Morocco,AMIDEAST,Maplewood,New Jersey,United States of America,7040
2016-001-508003,Female,MZYS5513,Summer,Songdo,South Korea,SUNY Stony Brook,Chandler,Arizona,United States of America,85224
2016-001-507887,Male,SWUH6576,Summer,Dushanbe,Tajikistan,American Councils,Port Townsend,Washington,United States of America,98368
2016-001-507075,Male,WSYW9955,Year,Marrakesh,Morocco,Legacy,Williamstown,New Jersey,United States of America,8094
2016-001-501229,Female,ZZDA5246,Summer,Chisinau,Moldova,American Councils,Shelbyville,Kentucky,United States of America,40066
2016-001-506047,Female,NPHK6751,Year,Chisinau,Moldova,American Councils,Concord,Massachusetts,United States of America,1742
2016-001-501063,Female,FMVT5683,Summer,Unknown City,Morocco,Legacy,Mint Hill,North Carolina,United States of America,28227
2016-001-501259,Female,VSKM7828,Summer,Chisinau,Moldova,American Councils,Marietta,Georgia,United States of America,30064
2016-001-522358,Female,,Year,Unknown City,Morocco,AMIDEAST,Woods Hole,Massachusetts,United States of America,2543
2016-001-505256,Female,DKRA2327,Year,Seoul,South Korea,iEARN,Wasilla,Alaska,United States of America,99687
2016-001-508365,Female,ZUYD2298,Summer,Kirov,Russia,AFS USA,Barrington,Rhode Island,United States of America,2806
2016-001-500753,Male,VEBS2189,Year,Chisinau,Moldova,American Councils,Middletown,Virginia,United States of America,22645
2016-001-507245,Female,BDSY4787,Summer,Seoul,South Korea,iEARN,South Salem,New York,United States of America,10590
2016-001-507126,Female,WHKW6753,Year,Indore,India,AFS USA,Bernardsville,New Jersey,United States of America,7924
2016-001-505865,Male,CRCX7658,Summer,Unknown City,Morocco,Legacy,Park Ridge,Illinois,United States of America,60068
2016-001-522308,Female,AYKU7595,Summer,"Moscow (Bolshoi, dance)",Russia,Russian Amer Fdn,Sandy Hook,Connecticut,United States of America,6482
2016-001-522346,Male,TRFS5875,Summer,Daugavpils,Latvia,UWisconsinMad,Chicago,Illinois,United States of America,60642
2016-001-522355,Male,,Year,Unknown City,Thailand,AFS USA,New Lothrop,Michigan,United States of America,48460
2016-001-508378,Female,GBJS5975,Summer,Amman,Jordan,AMIDEAST,Boise,Idaho,United States of America,83713
2016-001-509031,Female,ASYG5923,Summer,Amman,Jordan,American Councils,Houston,Texas,United States of America,77044
2016-001-505644,Male,HXVT8492,Summer,Narva,Estonia,American Councils,Rosedale,Maryland,United States of America,21237
2016-001-507596,Male,FUJB6383,Summer,Rabat,Morocco,AMIDEAST,Mount Prospect,Illinois,United States of America,60056
2016-001-522360,Male,,Year,Unknown City,Philippines,AFS USA,Olympia,Washington,United States of America,98506
2016-001-505806,Female,DDYQ9819,Summer,Chisinau,Moldova,American Councils,Papillion,Nebraska,United States of America,68046
2016-001-505930,Female,DPFS6362,Summer,Kirov,Russia,AFS USA,Las Cruces,New Mexico,United States of America,88011
2016-001-506776,Female,WGCG2239,Summer,Pune,India,iEARN,Indianapolis,Indiana,United States of America,46219-5804
2016-001-508321,Male,VWPQ4983,Summer,Amman,Jordan,American Councils,Bryson City,North Carolina,United States of America,28713
2016-001-500652,Female,AQDM2153,Summer,Rabat,Morocco,AMIDEAST,Dublin,California,United States of America,94568
2016-001-507934,Male,QYTY5744,Summer,Xi’an,China,ACES,Greer,South Carolina,United States of America,29650
2016-001-522401,Male,,Year,Unknown City,India,AFS USA,McMinnville,Oregon,United States of America,97128
2016-001-505848,Female,DBHN8968,Summer,Seoul,South Korea,iEARN,Hillsboro,Oregon,United States of America,97124
2016-001-506099,Female,NHBS5285,Summer,Narva,Estonia,American Councils,Oak Park,California,United States of America,91377
2016-001-508979,Female,TDTE2435,Summer,Seoul,South Korea,iEARN,seattle,Washington,United States of America,98118
2016-001-501340,Female,YSBG9475,Summer,Seoul,South Korea,iEARN,Baton Rouge,Louisiana,United States of America,70815
2016-001-507319,Male,DFUZ8617,Summer,Unknown City,Morocco,Legacy,Stevensville,Montana,United States of America,59870
2016-001-522456,Female,,Year,Unknown City,Bulgaria,American Councils,Monument,Oregon,United States of America,97864
2016-001-505473,Male,WWVK6396,Summer,Seoul,South Korea,iEARN,Lewisville,Texas,United States of America,75077
2016-001-522385,Female,,Year,Unknown City,Bosnia and Herzegovina,American Councils,Fairview,North Carolina,United States of America,28730
2016-001-522398,Female,,Year,Unknown City,Malaysia,AFS USA,Columbia,Maryland,United States of America,21044
2016-001-506449,Female,SHCA5619,Year,Beijing,China,American Councils,Washington,District of Columbia,United States of America,20012
2016-001-501168,Female,NYTD1355,Summer,Indore,India,AFS USA,Versailles,Kentucky,United States of America,40383
2016-001-509009,Female,QWWR2827,Summer,Deyang,China,AFS USA,Las Vegas,Nevada,United States of America,89106
2016-001-507287,Male,CJHV1492,Summer,Dushanbe,Tajikistan,American Councils,Bristol,Virginia,United States of America,24202
2016-001-507012,Female,ZRDW1716,Summer,Jeonju,South Korea,American Councils,NEW YORK,New York,United States of America,10009
2016-001-508214,Female,WKFJ5746,Summer,Indore,India,AFS USA,Hatfield,Massachusetts,United States of America,01038-9750
2016-001-501278,Female,VBVZ2449,Summer,Chisinau,Moldova,American Councils,Navarre,Florida,United States of America,32566
2016-001-507741,Male,MBMU4616,Summer,Rabat,Morocco,AMIDEAST,Merrick,New York,United States of America,11566
2016-001-501132,Female,QSHH1436,Summer,Jeonju,South Korea,American Councils,Farmersville,California,United States of America,93223
2016-001-505757,Female,AHHP6881,Summer,Moscow,Russia,Russian Amer Fdn,Tucson,Arizona,United States of America,85719
2016-001-522462,Female,,Year,Unknown City,Ghana,AFS USA,Anchorage,Alaska,United States of America,99503
2016-001-507671,Female,BFBF9157,Summer,Seoul,South Korea,iEARN,Owings Mills,Maryland,United States of America,21117
2016-001-507101,Female,YXXF4998,Summer,Rabat,Morocco,iEARN,Madison,Connecticut,United States of America,6443
2016-001-505387,Male,KBPH4785,Summer,Kirov,Russia,AFS USA,Needham,Massachusetts,United States of America,2492
2016-001-506396,Female,NMWT3194,Summer,Narva,Estonia,American Councils,Manassas,Virginia,United States of America,20112
2016-001-507094,Male,WKAB7693,Summer,Shanghai,China,UMinnesota,Santa Monica,California,United States of America,90404
2016-001-500919,Female,RUKR6628,Summer,Seoul,South Korea,iEARN,Melba,Idaho,United States of America,83641
2016-001-507824,Female,SYRE8921,Summer,Indore,India,AFS USA,Lafayette Hill,Pennsylvania,United States of America,19444
2016-001-505382,Female,FYVH9972,Summer,Amman,Jordan,American Councils,North Richland Hills,Texas,United States of America,76182
2016-001-506515,Female,RJZV9133,Summer,Nanjing,China,American Councils,Tucson,Arizona,United States of America,85715
2016-001-506698,Female,NWDV9895,Summer,Narva,Estonia,American Councils,Springfield,Virginia,United States of America,22152
2016-001-506228,Female,GKCD1248,Summer,Deyang,China,AFS USA,San Mateo,California,United States of America,94401
2016-001-522388,Female,,Year,Unknown City,Indonesia,AFS USA,Bethesda,Maryland,United States of America,20817
2016-001-522453,Female,,Year,Unknown City,Turkey,AFS USA,Huxley,Iowa,United States of America,50124
2016-001-506950,Male,XXBD4229,Summer,Dushanbe,Tajikistan,American Councils,Camas,Washington,United States of America,98607
2016-001-505471,Male,FKVP4278,Summer,Narva,Estonia,American Councils,Arlington,Virginia,United States of America,22201
2016-001-506477,Female,WCVD4142,Summer,Seoul,South Korea,iEARN,Centreville,Virginia,United States of America,20121
2016-001-507139,Male,XQEF1517,Summer,Dushanbe,Tajikistan,American Councils,Washington,District of Columbia,United States of America,20008
2016-001-506239,Female,MSYT9136,Summer,Moscow,Russia,Russian Amer Fdn,Santa Rosa,California,United States of America,95401
2016-001-501175,Male,UAHD5349,Summer,Xiamen,China,UDelaware,Irvine,California,United States of America,92617
2016-001-506824,Male,VYBC6152,Summer,Unknown City,Morocco,Legacy,Manhattan,Kansas,United States of America,66503
2016-001-522370,Female,,Year,Unknown City,Ghana,AFS USA,Boulder,Colorado,United States of America,80302
2016-001-509007,Male,EGVN1832,Summer,Seoul,South Korea,iEARN,Chicago,Illinois,United States of America,60612
2016-001-522331,Female,XANT3932,Summer,"Moscow (Bolshoi, dance)",Russia,Russian Amer Fdn,Tenafly,New Jersey,United States of America,7670
2016-001-507527,Female,JHCW1244,Summer,Seoul,South Korea,iEARN,Armonk,New York,United States of America,10504
2016-001-505718,Female,CKJN3314,Summer,Seoul,South Korea,iEARN,Lemont,Illinois,United States of America,60439
2016-001-506945,Male,ZZQK6781,Summer,Indore,India,AFS USA,Severna Park,Maryland,United States of America,21146
2016-001-506636,Female,NWGP1886,Summer,Xi’an,China,American Councils,Overland Park,Kansas,United States of America,66221
2016-001-522400,Female,,Year,Unknown City,Turkey,AFS USA,Cold Spring,Kentucky,United States of America,41076
2016-001-501094,Male,NHHQ8762,Summer,Xiamen,China,UDelaware,Reno,Nevada,United States of America,89512
2016-001-507627,Female,AKDC6918,Summer,Rabat,Morocco,AMIDEAST,Dacula,Georgia,United States of America,30019
2016-001-522454,Male,,Year,Unknown City,Bosnia and Herzegovina,American Councils,Winchester,Massachusetts,United States of America,1890
2016-001-501355,Female,UCQB3141,Summer,Xiamen,China,UDelaware,Burlington,Vermont,United States of America,5401
2016-001-500333,Female,ZBBG8393,Year,Seoul,South Korea,iEARN,Bronx,New York,United States of America,10469
2016-001-500416,Male,RDWP3316,Summer,Rabat,Morocco,iEARN,Liberty Township,Ohio,United States of America,45044
2016-001-507557,Male,FGZT1143,Summer,Deyang,China,AFS USA,Mora,Minnesota,United States of America,55051
2016-001-509008,Female,YFUV1924,Summer,Kirov,Russia,AFS USA,Chicago,Illinois,United States of America,60632
2016-001-506985,Female,YHEV6222,Summer,Shanghai,China,UMinnesota,Chicago,Illinois,United States of America,60645
2016-001-501098,Male,YFNQ1579,Summer,Shanghai,China,UMinnesota,Charlottesville,Virginia,United States of America,22902
2016-001-505569,Female,AGUC4732,Summer,Xiamen,China,UDelaware,Wilmington,Delaware,United States of America,19810
2016-001-505908,Female,EENK9648,Summer,Chisinau,Moldova,American Councils,Snohomish,Washington,United States of America,98290
2016-001-506291,Female,MZSU6735,Summer,Moscow,Russia,Russian Amer Fdn,Durham,North Carolina,United States of America,27705
2016-001-506816,Female,QPSG9628,Summer,Kirov,Russia,AFS USA,Houston,Texas,United States of America,77081
2016-001-522372,Female,,Year,Unknown City,Macedonia,American Councils,Statesville,North Carolina,United States of America,28625
2016-001-501316,Female,TAMK3647,Summer,Seoul,South Korea,iEARN,Livermore,California,United States of America,94551
2016-001-508082,Female,UBKQ2655,Summer,Chisinau,Moldova,American Councils,Marietta,Georgia,United States of America,30068
2016-001-506288,Male,ETJX8275,Summer,Xiamen,China,UDelaware,Lexington,South Carolina,United States of America,29072
2016-001-508074,Female,ZRJV4617,Summer,Chisinau,Moldova,American Councils,Cary,North Carolina,United States of America,27519
2016-001-505992,Female,FQGV2739,Summer,Seoul,South Korea,iEARN,Roanoke,Virginia,United States of America,24019
2016-001-505949,Female,HYKE3481,Summer,Unknown City,Morocco,Legacy,Milpitas,California,United States of America,95035
2016-001-506075,Male,JFXD9249,Summer,Moscow,Russia,Russian Amer Fdn,Riverton,New Jersey,United States of America,8077
2016-001-501169,Female,NBDR5544,Summer,Seoul,South Korea,iEARN,Stow,Massachusetts,United States of America,1775
2016-001-501124,Female,RQGK4527,Summer,Chisinau,Moldova,American Councils,Sewickley,Pennsylvania,United States of America,15143
2016-001-505844,Female,BETY4467,Summer,Seoul,South Korea,iEARN,Knoxville,Tennessee,United States of America,37917
2016-001-509012,Female,YNRP9615,Summer,Shanghai,China,UMinnesota,corona,New York,United States of America,11368
2016-001-508085,Male,XQRN3969,Summer,Jeonju,South Korea,American Councils,Atlanta,Georgia,United States of America,30342
2016-001-522449,Female,,Year,Unknown City,Morocco,AMIDEAST,Bluemont,Virginia,United States of America,20135
2016-001-500523,Male,KZDQ4182,Summer,Unknown City,Morocco,Legacy,Albuquerque,New Mexico,United States of America,87122
2016-001-506096,Male,FVEF4848,Summer,Suzhou,China,American Councils,Washington,District of Columbia,United States of America,20002
2016-001-508990,Other,SSPG8286,Summer,Suzhou,China,American Councils,Houston,Texas,United States of America,77009
2016-001-506808,Male,THJD4745,Summer,Jeonju,South Korea,American Councils,Karachi,Sindh,Pakistan,75500
2016-001-522306,Female,TABV1823,Summer,"Moscow (Bolshoi, dance)",Russia,Russian Amer Fdn,Santa Monica,California,United States of America,90404
2016-001-508154,Male,XYTH3364,Summer,Amman,Jordan,AMIDEAST,Ho-Ho-Kus,New Jersey,United States of America,7423
2016-001-506148,Female,KYUX1316,Summer,Kirov,Russia,AFS USA,Tucson,Arizona,United States of America,85718
2016-001-508232,Male,WVKP4987,Summer,Nanjing,China,American Councils,Santa Ana,California,United States of America,92705
2016-001-500383,Male,ZRCM1433,Year,Beijing,China,American Councils,West Des Moines,Iowa,United States of America,50265
2016-001-522392,Female,,Year,Unknown City,India,AFS USA,Columbia,Missouri,United States of America,65203
2016-001-506254,Male,GMSR6174,Summer,Suzhou,China,American Councils,Washington,District of Columbia,United States of America,20002
2016-001-506606,Male,TCPS7219,Summer,Xi’an,China,ACES,Montclair,New Jersey,United States of America,7042
2016-001-501196,Female,YVAQ2416,Summer,Xiamen,China,UDelaware,Eleva,Wisconsin,United States of America,54738
2016-001-522430,Female,,Year,Unknown City,Thailand,AFS USA,Asheville,North Carolina,United States of America,28801
2016-001-507749,Male,MSMN4963,Year,Beijing,China,American Councils,St. Louis,Missouri,United States of America,63005-1350
2016-001-507651,Male,BJTK1197,Summer,Rabat,Morocco,AMIDEAST,Carmichael,California,United States of America,95608
2016-001-508410,Female,QZVN2793,Summer,Narva,Estonia,American Councils,Anchorage,Alaska,United States of America,99517
2016-001-506484,Male,TGKD9939,Summer,Seoul,South Korea,iEARN,Snellville,Georgia,United States of America,30078
2016-001-500935,Female,KZYD4837,Year,Rabat,Morocco,AMIDEAST,Brooklyn,New York,United States of America,11231
2016-001-505700,Female,CJPA6785,Summer,Xi’an,China,ACES,Palatine,Illinois,United States of America,60067
2016-001-509004,Female,MPAS3659,Summer,Kirov,Russia,AFS USA,Brooklyn,New York,United States of America,11206
2016-001-500187,Female,SVWA8822,Summer,Zhuhai,China,iEARN,Apopka,Florida,United States of America,32712
2016-001-522451,Male,,Year,Unknown City,Turkey,AFS USA,Charlottesville,Virginia,United States of America,22911
2016-001-522433,Male,,Year,Unknown City,Macedonia,American Councils,Vinton,Virginia,United States of America,24179
2016-001-507481,Female,HZUM6736,Summer,Seoul,South Korea,iEARN,Carrollton,Georgia,United States of America,30117
2016-001-522404,Female,,Year,Unknown City,Malaysia,AFS USA,Nashville,Tennessee,United States of America,37207
2016-001-501156,Female,EFER1928,Summer,Rabat,Morocco,AMIDEAST,Parkland,Florida,United States of America,33076
2016-001-505742,Female,AGDF8736,Summer,Deyang,China,AFS USA,Palo Alto,California,United States of America,94306
2016-001-508080,Female,YEZR4767,Year,Kaohsiung,Taiwan,iEARN,Centennial,Colorado,United States of America,80122
2016-001-501056,Male,XWUQ4576,Summer,Suzhou,China,American Councils,Vienna,Virginia,United States of America,22180
2016-001-506554,Male,VQVY7367,Summer,Unknown City,Morocco,Legacy,Solon,Ohio,United States of America,44139
2016-001-507105,Female,XYJZ1333,Summer,Kirov,Russia,AFS USA,West Linn,Oregon,United States of America,97068
2016-001-522442,Female,,Year,Unknown City,Senegal,American Councils,Richmond Hill,New York,United States of America,11418
2016-001-506796,Female,TDRY6944,Summer,Pune,India,iEARN,Mebane,North Carolina,United States of America,27302
2016-001-508997,Male,HVRW8735,Summer,Deyang,China,AFS USA,Sugar Land,Texas,United States of America,77478
2016-001-507539,Male,BPMH4861,Summer,Suzhou,China,American Councils,Reno,Nevada,United States of America,89509
2016-001-506084,Female,KDQQ5796,Summer,Kirov,Russia,AFS USA,Topeka,Kansas,United States of America,66610
2016-001-501324,Female,UVWP2592,Year,Beijing,China,American Councils,Gainesville,Georgia,United States of America,30506
2016-001-505552,Male,HTMG3585,Summer,Jeonju,South Korea,American Councils,Palo Alto,California,United States of America,94303
2016-001-509006,Female,VRMG8995,Summer,Rabat,Morocco,AMIDEAST,Bronx,New York,United States of America,10468
2016-001-506611,Female,PNGC3725,Summer,Zhuhai,China,iEARN,Honolulu,Hawaii,United States of America,96816
2016-001-500992,Female,JGTZ1885,Summer,Deyang,China,AFS USA,Yorktown,Virginia,United States of America,23692
2016-001-506130,Male,ETCF9128,Summer,Chisinau,Moldova,American Councils,Reedsburg,Wisconsin,United States of America,53959
2016-001-500406,Male,GQAA7422,Summer,Xi’an,China,American Councils,Green Bay,Wisconsin,United States of America,54301
2016-001-507885,Female,KXHS7157,Summer,Seoul,South Korea,iEARN,Duluth,Georgia,United States of America,30096
2016-001-500784,Female,GPPE3699,Summer,Seoul,South Korea,iEARN,Carlisle,Pennsylvania,United States of America,17015
2016-001-505502,Female,RAMG4798,Summer,Indore,India,AFS USA,Allentown,Pennsylvania,United States of America,18103
2016-001-522354,Female,,Year,Unknown City,Macedonia,American Councils,Port Matilda,Pennsylvania,United States of America,16870
2016-001-522390,Female,,Year,Unknown City,Morocco,AMIDEAST,Camas,Washington,United States of America,98607
2016-001-506633,Female,TJZG2227,Summer,Rabat,Morocco,iEARN,McKinney,Texas,United States of America,75071
2016-001-505550,Female,CSYP8238,Summer,Seoul,South Korea,iEARN,Matthews,North Carolina,United States of America,28105
2016-001-500627,Male,JAPJ1928,Summer,Unknown City,Morocco,Legacy,Davidson,North Carolina,United States of America,28036
2016-001-506095,Female,JZAY6921,Summer,Xi’an,China,ACES,Roseville,California,United States of America,95661
2016-001-522426,Female,,Year,Unknown City,Malaysia,AFS USA,Chicago,Illinois,United States of America,60656
2016-001-508992,Female,CHXX9715,Summer,Deyang,China,AFS USA,Pasadena,Texas,United States of America,77506
2016-001-506237,Female,NEFF3989,Summer,Amman,Jordan,AMIDEAST,Norton,Massachusetts,United States of America,2766
2016-001-501000,Female,PRYG9562,Year,Chisinau,Moldova,American Councils,Wayland,Massachusetts,United States of America,1778
2016-001-500650,Female,MNWA6443,Year,Kaohsiung,Taiwan,iEARN,Inwood,West Virginia,United States of America,25428
2016-001-522406,Female,,Year,Unknown City,Morocco,AMIDEAST,Providence,Rhode Island,United States of America,2906
2016-001-507725,Female,PXEU6469,Summer,Xi’an,China,ACES,Redlands,California,United States of America,92374
2016-001-522472,Female,,Year,Unknown City,Bulgaria,American Councils,Moscow,Idaho,United States of America,83843
2016-001-509003,Female,PBBG2694,Summer,Deyang,China,AFS USA,Brooklyn,New York,United States of America,11203
2016-001-501177,Female,GHEQ9365,Summer,Rabat,Morocco,AMIDEAST,Brentwood,Tennessee,United States of America,37027
2016-001-506490,Female,SAPC5521,Summer,Xi’an,China,ACES,Centennial,Colorado,United States of America,80111
2016-001-505420,Male,YSJC3175,Summer,Xiamen,China,UDelaware,Santa Monica,California,United States of America,90402
2016-001-506974,Female,XRRF7446,Year,Marrakesh,Morocco,Legacy,Louisville,Kentucky,United States of America,40218
2016-001-506928,Female,UPXE1998,Summer,Narva,Estonia,American Councils,Springfield,Illinois,United States of America,62702
2016-001-505650,Female,URPZ8437,Year,Seoul,South Korea,iEARN,Yellow Springs,Ohio,United States of America,45387
2016-001-501211,Male,JMZJ3384,Summer,Shanghai,China,UMinnesota,Sarasota,Florida,United States of America,34232
2016-001-500470,Male,UKMD7238,Summer,Deyang,China,AFS USA,Naples,Florida,United States of America,34103
2016-001-501059,Female,JMZC1115,Summer,Seoul,South Korea,iEARN,Buffalo,New York,United States of America,14206
2016-001-501002,Female,DYHV1157,Summer,Zhuhai,China,iEARN,Hummelstown,Pennsylvania,United States of America,17036
2016-001-506074,Female,FPEV7554,Summer,Rabat,Morocco,iEARN,Inglewood,California,United States of America,90303
2016-001-522339,Female,WHZW9224,Summer,"Moscow (Bolshoi, dance)",Russia,Russian Amer Fdn,Foster City,California,United States of America,94404
2016-001-505404,Male,SJST7988,Summer,Songdo,South Korea,SUNY Stony Brook,Lewiston,Maine,United States of America,4240
2016-001-506516,Female,UPAE6886,Summer,Suzhou,China,American Councils,Sandy Springs,Georgia,United States of America,30328
2016-001-522361,Female,,Year,Unknown City,Thailand,AFS USA,Chapel Hill,North Carolina,United States of America,27516
2016-001-506850,Female,PUCY5337,Summer,Seoul,South Korea,iEARN,Lexington,Kentucky,United States of America,40504
2016-001-505393,Female,SYUA9487,Year,Seoul,South Korea,iEARN,APO,"Armed Forces Europe (Africa, Canada, Europe, Middle East)",United States of America,9180
2016-001-507266,Male,RRZS4492,Summer,Xiamen,China,UDelaware,Bridgeport,West Virginia,United States of America,26330
2016-001-505972,Male,NMXN5819,Summer,Pune,India,iEARN,Havertown,Pennsylvania,United States of America,19083
2016-001-507482,Male,DUNQ6218,Summer,Xiamen,China,UDelaware,Montara,California,United States of America,94037
2016-001-506402,Female,JBPY9999,Summer,Unknown City,Morocco,Legacy,Palo Alto,California,United States of America,94306
2016-001-522375,Female,,Year,Unknown City,Morocco,AMIDEAST,Cary,North Carolina,United States of America,27519
2016-001-500158,Female,ZKWF6979,Year,Kaohsiung,Taiwan,iEARN,Arlington,Texas,United States of America,76017
2016-001-501054,Female,HYAJ6181,Summer,Moscow,Russia,Russian Amer Fdn,Mesa,Arizona,United States of America,85203
2016-001-506470,Male,SWPG8972,Summer,Nanjing,China,American Councils,Pewaukee,Wisconsin,United States of America,53072
2016-001-507252,Male,PKYP8355,Summer,Jeonju,South Korea,American Councils,Baton Rouge,Louisiana,United States of America,70808
2016-001-522310,Female,RUUY5921,Summer,"Moscow (Bolshoi, dance)",Russia,Russian Amer Fdn,Rockaway,New Jersey,United States of America,7866
2016-001-506942,Male,YRQQ9876,Summer,Songdo,South Korea,SUNY Stony Brook,Chelmsford,Massachusetts,United States of America,1824
2016-001-522378,Female,,Year,Unknown City,Jordan,AMIDEAST,Sugar Land,Texas,United States of America,77479
2016-001-506801,Female,NVDV3659,Summer,Rabat,Morocco,iEARN,Sacramento,California,United States of America,95818
2016-001-508989,Female,ZAUJ7356,Summer,Songdo,South Korea,SUNY Stony Brook,Corona,New York,United States of America,11368
2016-001-506766,Female,QZJN3866,Summer,Pune,India,iEARN,Roseville,California,United States of America,95661
2016-001-522450,Female,,Year,Unknown City,Jordan,AMIDEAST,Rocky River,Ohio,United States of America,44116
2016-001-522413,Male,,Year,Unknown City,India,AFS USA,Portland,Oregon,United States of America,97202
2016-001-500931,Female,SYKE1782,Year,Indore,India,AFS USA,Hampshire,Illinois,United States of America,60140
2016-001-506044,Male,KWBB4188,Year,Chisinau,Moldova,American Councils,Denton,Texas,United States of America,76205
2016-001-508147,Male,ZBXU7259,Summer,Kirov,Russia,AFS USA,Carson CIty,Nevada,United States of America,89703
2016-001-505868,Female,DRVX8143,Summer,Xi’an,China,ACES,North Chesterfield,Virginia,United States of America,23235
2016-001-500918,Female,YFDJ7331,Summer,Unknown City,Morocco,Legacy,Montclair,New Jersey,United States of America,7042
2016-001-505637,Female,KSRU5341,Year,Chisinau,Moldova,American Councils,Amherst,Ohio,United States of America,44001
2016-001-522347,Male,ZZKW1831,Summer,Daugavpils,Latvia,UWisconsinMad,Chciago,Illinois,United States of America,60639
2016-001-501209,Male,MNFN3553,Year,Changzhou,China,AFS USA,Sullivans Island,South Carolina,United States of America,29482
2016-001-506675,Female,PSXE5747,Summer,Amman,Jordan,American Councils,San Mateo,California,United States of America,94402
2016-001-507182,Female,NZZU8861,Summer,Pune,India,iEARN,Mesa,Arizona,United States of America,85205
2016-001-522325,Female,CMPD7842,Summer,Daugavpils,Latvia,UWisconsinMad,Chicago,Illinois,United States of America,60618
2016-001-505893,Male,DKAB9279,Summer,Deyang,China,AFS USA,Liberty Township,Ohio,United States of America,45044
2016-001-522455,Female,,Year,Unknown City,India,AFS USA,Miami,Florida,United States of America,33181
2016-001-507748,Female,KQCX7375,Summer,Kirov,Russia,AFS USA,Cincinnati,Ohio,United States of America,45242
2016-001-506009,Female,JXCA1379,Summer,Nanjing,China,American Councils,Carmel,Indiana,United States of America,46033
2016-001-506059,Female,HSTF5686,Year,Unknown City,Turkey,AFS USA,Takoma Park,Maryland,United States of America,20912
2016-001-500521,Male,DZHS8844,Summer,Chisinau,Moldova,American Councils,Lost Creek,Kentucky,United States of America,41348
2016-001-506097,Male,HSAU3248,Summer,Amman,Jordan,American Councils,Washington,District of Columbia,United States of America,20011
2016-001-506405,Female,KKDT6559,Summer,Shanghai,China,UMinnesota,New Orleans,Louisiana,United States of America,70130
2016-001-506935,Female,ZVUQ1539,Summer,Suzhou,China,American Councils,Duluth,Georgia,United States of America,30097
2016-001-506115,Male,JMTY7229,Summer,Xi’an,China,American Councils,Edison,New Jersey,United States of America,8820
2016-001-501074,Female,HARS3669,Summer,Narva,Estonia,American Councils,Wilton,Connecticut,United States of America,6897
2016-001-505871,Female,DJCC5386,Summer,Amman,Jordan,AMIDEAST,Leawood,Kansas,United States of America,66206
2016-001-506083,Male,EWGC3431,Summer,Rabat,Morocco,iEARN,Asheville,North Carolina,United States of America,28804
2016-001-506525,Female,TCZU5152,Summer,Jeonju,South Korea,American Councils,Lithonia,Georgia,United States of America,30038
2016-001-500626,Male,AZKA8841,Summer,Unknown City,Morocco,Legacy,Milton,Massachusetts,United States of America,2186
2016-001-507834,Male,NNYK3926,Summer,Xiamen,China,UDelaware,Bolingbrook,Illinois,United States of America,60490
2016-001-506941,Female,YNZH8929,Summer,Seoul,South Korea,iEARN,McLean,Virginia,United States of America,22101
2016-001-505956,Male,MZZM7884,Summer,Amman,Jordan,American Councils,Lenox,Massachusetts,United States of America,1240
2016-001-522444,Male,,Year,Unknown City,Bulgaria,American Councils,Morristown,New Jersey,United States of America,7960
2016-001-522411,Female,,Year,Unknown City,Macedonia,American Councils,Cary,North Carolina,United States of America,27519
2016-001-506559,Female,PHAJ7811,Year,Chisinau,Moldova,American Councils,Charlottesville,Virginia,United States of America,22902
2016-001-500546,Female,ADDE1674,Summer,Rabat,Morocco,iEARN,Baltimore,Maryland,United States of America,21208
2016-001-522422,Female,,Year,Unknown City,Bosnia and Herzegovina,American Councils,Kettle River,Minnesota,United States of America,55757
2016-001-505939,Female,AFKP9973,Summer,Nanjing,China,American Councils,Westlake Village,California,United States of America,91362
2016-001-505995,Male,NPKP4782,Summer,Rabat,Morocco,AMIDEAST,Colorado Springs,Colorado,United States of America,80919
2016-001-500936,Male,KJZE1853,Summer,Shanghai,China,UMinnesota,HIGHLAND BEACH,Florida,United States of America,33487
2016-001-500947,Female,XGEB5531,Summer,Pune,India,iEARN,Roselle,Illinois,United States of America,60172
2016-001-506546,Male,SWWE4626,Summer,Jeonju,South Korea,American Councils,Houston,Texas,United States of America,77054
2016-001-501108,Female,WJRB1934,Year,Indore,India,AFS USA,Burlington,Vermont,United States of America,5401
2016-001-507911,Female,JRFV8365,Summer,Seoul,South Korea,iEARN,Wichita,Kansas,United States of America,67278
2016-001-500817,Female,GSVU1762,Summer,Deyang,China,AFS USA,Montgomery,Alabama,United States of America,36111
2016-001-508163,Female,YGQR8511,Summer,Nanjing,China,American Councils,Seattle,Washington,United States of America,98125
2016-001-500248,Male,YVEN4539,Year,Changzhou,China,AFS USA,Dubois,Wyoming,United States of America,82513
2016-001-505737,Male,CTGV7935,Summer,Shanghai,China,UMinnesota,Austin,Texas,United States of America,78703
2016-001-505721,Female,AYZB7848,Summer,Deyang,China,AFS USA,Redmond,Washington,United States of America,98052
2016-001-500390,Male,WUPA6593,Summer,Shanghai,China,UMinnesota,Skillman,New Jersey,United States of America,8558
2016-001-505648,Female,TVFK3692,Summer,Jeonju,South Korea,American Councils,Aiea,Hawaii,United States of America,96701
2016-001-507888,Female,TADQ4985,Summer,Xiamen,China,UDelaware,Gaithersburg,Maryland,United States of America,209879
2016-001-506835,Female,TUHX5119,Summer,Shanghai,China,UMinnesota,Los Angeles,California,United States of America,90048
2016-001-500832,Male,MFEW8111,Year,Beijing,China,American Councils,Springfield,Missouri,United States of America,65804
2016-001-507418,Male,JJGG4865,Year,Changzhou,China,AFS USA,Sicklerville,New Jersey,United States of America,8081
2016-001-509001,Female,TDKB6915,Summer,Kirov,Russia,AFS USA,Houston,Texas,United States of America,77083
2016-001-507644,Female,AZJT6266,Year,Chisinau,Moldova,American Councils,Crestwood,Kentucky,United States of America,40014
2016-001-500790,Female,DEHY6444,Summer,Shanghai,China,UMinnesota,Elmhurst,Illinois,United States of America,60126
2016-001-501185,Female,JMSH8192,Summer,Seoul,South Korea,iEARN,East Palo Alto,California,United States of America,94303
2016-001-506056,Male,MCCN3611,Summer,Xi’an,China,American Councils,Brookline,Massachusetts,United States of America,2445
2016-001-507815,Female,NSWU3759,Year,Chisinau,Moldova,American Councils,Missouri,Texas,United States of America,77489
2016-001-505769,Male,ADCZ7717,Summer,Zhuhai,China,iEARN,Lawrenceville,New Jersey,United States of America,8648
2016-001-507799,Male,JUCG2186,Summer,Amman,Jordan,American Councils,Chestnut Hill,Massachusetts,United States of America,2467
2016-001-505999,Female,MNSH5736,Summer,Xiamen,China,UDelaware,Naperville,Illinois,United States of America,60565
2016-001-507931,Male,MKHC9295,Summer,Jeonju,South Korea,American Councils,plantation,Florida,United States of America,33323
2016-001-522368,Female,,Year,Unknown City,Indonesia,AFS USA,Rochester,Minnesota,United States of America,55902
2016-001-505855,Female,ABQG2893,Summer,Xiamen,China,UDelaware,Lake Forest,Illinois,United States of America,60045
2016-001-507903,Female,SYEN8134,Summer,Chisinau,Moldova,American Councils,Park Ridge,Illinois,United States of America,60068
2016-001-507706,Male,SZBN6837,Year,Beijing,China,American Councils,Potomac Falls,Virginia,United States of America,20165-7526
2016-001-508477,Male,YNHU3351,Summer,Zhuhai,China,iEARN,Denver,Colorado,United States of America,80209
2016-001-507967,Female,RXGC2763,Summer,Seoul,South Korea,iEARN,Sewickley,Pennsylvania,United States of America,15143
2016-001-500693,Male,DGSR8475,Summer,Rabat,Morocco,AMIDEAST,Oakland,California,United States of America,94609
2016-001-507631,Female,BETU2623,Summer,Seoul,South Korea,iEARN,Norcross,Georgia,United States of America,30092
2016-001-505627,Male,FDEA1124,Summer,Xiamen,China,UDelaware,Wynnewood,Pennsylvania,United States of America,19096
2016-001-522439,Female,,Year,Unknown City,Macedonia,American Councils,Saint Paul,Minnesota,United States of America,55104
2016-001-522396,Male,,Year,Unknown City,India,AFS USA,Winston Salem,North Carolina,United States of America,27104
2016-001-507952,Male,JJVY2341,Summer,Seoul,South Korea,iEARN,Andover,Massachusetts,United States of America,1810
2016-001-505441,Female,PKHP5955,Summer,Songdo,South Korea,SUNY Stony Brook,Bridgeville,Pennsylvania,United States of America,15017
2016-001-522432,Male,,Year,Unknown City,Turkey,AFS USA,Atlanta,Georgia,United States of America,30327
2016-001-507705,Male,TFMB8185,Summer,Zhuhai,China,iEARN,New York,New York,United States of America,10003
