"Home.Postal.Code","Reference.Code","Student.Number","Sex","Module.Language","Module.Duration","Module.City","module.lat","module.long","Module.Country","Home.Region","city","state","latitude","longitude"
"01503","EKUD3722","2015-001-501982","Female","Korean","Year","Seoul","37.5665","126.978","South Korea","Massachusetts","Berlin","MA",42.380562,-71.62665
"01720","CAVW9575","2015-001-502655","Female","Korean","Summer","Jeonju","35.8242","127.148","South Korea","Massachusetts","Acton","MA",42.477142,-71.4422
"01720","BSNY7187","2015-001-501783","Male","Chinese","Summer","Suzhou","31.299","120.5853","China","Massachusetts","Acton","MA",42.477142,-71.4422
"01742","YUEX3845","2015-001-501913","Female","Persian (Tajik)","Summer","Dushanbe","38.5598","68.787","Tajikistan","Massachusetts","Concord","MA",42.457201,-71.37478
"01748","TNCK4324","2015-001-502040","Male","Chinese","Summer","Jiaxing","30.7539","120.7585","China","Massachusetts","Hopkinton","MA",42.220447,-71.53418
"01748","JVCY1376","2015-001-503793","Female","Chinese","Summer","Deyang","31.1269","104.3979","China","Massachusetts","Hopkinton","MA",42.220447,-71.53418
"01770","KHGC9184","2015-001-502329","Male","Korean","Summer","Jeonju","35.8242","127.148","South Korea","Massachusetts","Sherborn","MA",42.231025,-71.37202
"02093","ZABF8768","2015-001-503566","Female","Russian","Summer","Kirov","58.4199","50.2097","Russia","Massachusetts","Wrentham","MA",42.0597,-71.34617
"02130","XGJR6821","2015-001-500930","Female","Russian","Year","Chisinau","47.0105","28.8638","Moldova","Massachusetts","Jamaica Plain","MA",42.309998,-71.11171
"02151","BHSS4492","2015-001-503412","Male","Korean","Summer","Seoul","37.5665","126.978","South Korea","Massachusetts","Revere","MA",42.416247,-71.00525
"02446","RGCP2869","2015-001-502189","Male","Chinese","Summer","Xiamen","24.4798","118.0894","China","Massachusetts","Brookline","MA",42.344747,-71.12141
"02461","FNZQ1599","2015-001-501212","Female","Chinese","Summer","Nanjing","32.0603","118.7969","China","Massachusetts","Newton Highlands","MA",42.31883,-71.20822
"02474","GGPX7272","2015-001-501704","Female","Korean","Summer","Seoul","37.5665","126.978","South Korea","Massachusetts","Arlington","MA",42.419496,-71.15635
"02632","EVUA3667","2015-001-500772","Male","Chinese","Summer","Zhuhai","22.271","113.5767","China","Massachusetts","Centerville","MA",41.658718,-70.34658
"02806","XQUE7538","2015-001-511288","Male","Russian","Summer","Moscow","55.7558","37.6173","Russia","Rhode Island","Barrington","RI",41.746834,-71.32031
"02904","HSAT5754","2015-001-500989","Male","Arabic","Summer","Marrakesh","31.6295","7.9811","Morocco","Rhode Island","Providence","RI",41.859199,-71.43142
"03281","JKUT1448","2015-001-511304","Female","Chinese","Summer","Harbin","45.8038","126.535","China","New Hampshire","Weare","NH",43.080986,-71.72329
"03301","YMDX6839","2015-001-502217","Female","Turkish","Summer","Bursa","40.1885","29.061","Turkey","New Hampshire","Concord","NH",43.213705,-71.53774
"03301","NCPH8195","2015-001-503728","Female","Chinese","Summer","Nanjing","32.0603","118.7969","China","New Hampshire","Concord","NH",43.213705,-71.53774
"03431","CMVA1744","2015-001-501475","Female","Hindi","Summer","Pune","18.5204","73.8567","India","New Hampshire","Keene","NH",42.946418,-72.28616
"03431","PCWN9635","2015-001-503878","Female","Chinese","Year","Kaohsiung","22.6273","120.3014","Taiwan","New Hampshire","Keene","NH",42.946418,-72.28616
"03755","RHUE8842","2015-001-509661","Female","Korean","Year","Seoul","37.5665","126.978","South Korea","New Hampshire","Hanover","NH",43.719756,-72.2507
"03801","UTNC1917","2015-001-500920","Male","Russian","Year","Chisinau","47.0105","28.8638","Moldova","New Hampshire","Portsmouth","NH",43.070188,-70.77684
"04010","RCQD7312","2015-001-502361","Female","Chinese","Summer","Zhuhai","22.271","113.5767","China","Maine","Brownfield","ME",43.938741,-70.90049
"04032","UNVV8717","2015-001-501056","Male","Turkish","Year","Izmir","38.4237","27.1428","Turkey","Maine","Freeport","ME",43.843778,-70.10172
"04038","YDMW2456","2015-001-511270","Female","Chinese","Summer","Harbin","45.8038","126.535","China","Maine","Gorham","ME",43.697118,-70.46301
"04046","SMYF5929","2015-001-511299","Male","Chinese","Summer","Harbin","45.8038","126.535","China","Maine","Kennebunkport","ME",43.399494,-70.4769
"04072","VPPU9558","2015-001-511271","Female","Chinese","Summer","Harbin","45.8038","126.535","China","Maine","Saco","ME",43.527322,-70.45171
"04103","FSYD9145","2015-001-511279","Female","Chinese","Summer","Harbin","45.8038","126.535","China","Maine","Portland","ME",43.685882,-70.2903
"04103","HXUS6424","2015-001-511291","Female","Chinese","Summer","Harbin","45.8038","126.535","China","Maine","Portland","ME",43.685882,-70.2903
"04106","WBWK9933","2015-001-503222","Female","Russian","Summer","Chisinau","47.0105","28.8638","Moldova","Maine","South Portland","ME",43.631549,-70.27272
"04217","CUDH3975","2015-001-501016","Male","Chinese","Summer","Zhuhai","22.271","113.5767","China","Maine","Bethel","ME",44.372129,-70.8175
"04282","HJNR2745","2015-001-511272","Male","Chinese","Summer","Harbin","45.8038","126.535","China","Maine","Turner","ME",44.266842,-70.24563
"04401","UMJG7855","2015-001-511296","Male","Chinese","Summer","Harbin","45.8038","126.535","China","Maine","Bangor","ME",44.81777,-68.78952
"04402","RTMF8434","2015-001-511312","Male","Chinese","Summer","Harbin","45.8038","126.535","China","Maine","Bangor","ME",45.519867,-68.647416
"04428","BWPS5393","2015-001-511269","Female","Chinese","Summer","Harbin","45.8038","126.535","China","Maine","Eddington","ME",44.798289,-68.5694
"04429","BEZY9978","2015-001-511278","Female","Chinese","Summer","Harbin","45.8038","126.535","China","Maine","Holden","ME",44.700606,-68.59682
"04461","SGZZ8271","2015-001-511286","Female","Chinese","Summer","Harbin","45.8038","126.535","China","Maine","Milford","ME",44.956776,-68.62199
"04474","SWGV5285","2015-001-503426","Male","Chinese","Year","Beijing","39.9042","116.4074","China","Maine","Orrington","ME",44.721393,-68.78905
"04667","MVCW6177","2015-001-511283","Female","Chinese","Summer","Harbin","45.8038","126.535","China","Maine","Perry","ME",44.972969,-67.08697
"04750","NFCU1562","2015-001-511293","Female","Chinese","Summer","Harbin","45.8038","126.535","China","Maine","Limestone","ME",46.936616,-67.86471
"04853","DKVS7273","2015-001-511277","Male","Chinese","Summer","Harbin","45.8038","126.535","China","Maine","North Haven","ME",44.154189,-68.8781
"04861","QABR7841","2015-001-511303","Male","Chinese","Summer","Harbin","45.8038","126.535","China","Maine","Thomaston","ME",44.082602,-69.17598
"05401","SDCF4825","2015-001-501554","Female","Arabic","Summer","Amman","31.9454","35.9284","Jordan","Vermont","Burlington","VT",44.484038,-73.22126
"05465","RZHR6846","2015-001-502392","Male","Russian","Year","Chisinau","47.0105","28.8638","Moldova","Vermont","Jericho","VT",44.486113,-72.96317
"06033","XZKS9592","2015-001-502375","Female","Arabic","Summer","Muscat","23.5859","58.4059","Oman","Connecticut","Glastonbury","CT",41.707932,-72.57085
"06033","HBUN7794","2015-001-502034","Female","Korean","Year","Seoul","37.5665","126.978","South Korea","Connecticut","Glastonbury","CT",41.707932,-72.57085
"06033","ZGXT3818","2015-001-502448","Male","Persian (Tajik)","Summer","Dushanbe","38.5598","68.787","Tajikistan","Connecticut","Glastonbury","CT",41.707932,-72.57085
"06410","TZFP1126","2015-001-501004","Male","Chinese","Summer","Nanjing","32.0603","118.7969","China","Connecticut","Cheshire","CT",41.507049,-72.90489
"06484","MTHP5652","2015-001-511297","Female","Russian","Summer","Moscow","55.7558","37.6173","Russia","Connecticut","Shelton","CT",41.306396,-73.1292
"06708","FEFK1558","2015-001-503419","Female","Korean","Year","Seoul","37.5665","126.978","South Korea","Connecticut","Waterbury","CT",41.551601,-73.06262
"06708","DFUZ7961","2015-001-501070","Female","Turkish","Summer","Bursa","40.1885","29.061","Turkey","Connecticut","Waterbury","CT",41.551601,-73.06262
"06820","GGDN6381","2015-001-503853","Male","Arabic","Summer","Rabat","33.9716","6.8498","Morocco","Connecticut","Darien","CT",41.075663,-73.48294
"06840","HJXH2564","2015-001-502848","Male","Arabic","Summer","Marrakesh","31.6295","7.9811","Morocco","Connecticut","New Canaan","CT",41.150146,-73.49178
"06903","NQRZ7282","2015-001-502297","Female","Arabic","Summer","Amman","31.9454","35.9284","Jordan","Connecticut","Stamford","CT",41.132096,-73.56423
"07042","VGNY4437","2015-001-501416","Female","Arabic","Year","Rabat","33.9716","6.8498","Morocco","New Jersey","Montclair","NJ",40.81315,-74.21576
"07042","ZCQS4654","2015-001-502891","Female","Russian","Summer","Kirov","58.4199","50.2097","Russia","New Jersey","Montclair","NJ",40.81315,-74.21576
"07043","VAWY4216","2015-001-501000","Female","Hindi","Summer","Indore","22.7196","75.8577","India","New Jersey","Montclair","NJ",40.844199,-74.20218
"07078","CVKN8811","2015-001-502379","Female","Chinese","Summer","Nanjing","32.0603","118.7969","China","New Jersey","Short Hills","NJ",40.73915,-74.32749
"07078","GEFC7796","2015-001-501522","Female","Chinese","Summer","Deyang","31.1269","104.3979","China","New Jersey","Short Hills","NJ",40.73915,-74.32749
"07104","XGSR8516","2015-001-501499","Female","Korean","Summer","Seoul","37.5665","126.978","South Korea","New Jersey","Newark","NJ",40.767702,-74.16831
"07670","ARCA7467","2015-001-504456","Male","Arabic","Summer","Rabat","33.9716","6.8498","Morocco","New Jersey","Tenafly","NJ",40.92169,-73.96482
"07670","JPHC2662","2015-001-502855","Female","Korean","Summer","Songdo","37.3839","126.6439","South Korea","New Jersey","Tenafly","NJ",40.92169,-73.96482
"07928","UAGP7527","2015-001-501929","Male","Chinese","Summer","Suzhou","31.299","120.5853","China","New Jersey","Chatham","NJ",40.7332,-74.39736
"08016","EKDC6694","2015-001-501663","Female","Chinese","Year","Beijing","39.9042","116.4074","China","New Jersey","Burlington","NJ",40.06834,-74.84463
"08053","DCAB9576","2015-001-500609","Male","Russian","Year","Chisinau","47.0105","28.8638","Moldova","New Jersey","Marlton","NJ",39.88488,-74.90416
"08081","XPMM1737","2015-001-503912","Male","Chinese","Summer","Jiaxing","30.7539","120.7585","China","New Jersey","Sicklerville","NJ",39.741385,-74.99035
"08540","PAMN7295","2015-001-502987","Male","Chinese","Summer","Xiamen","24.4798","118.0894","China","New Jersey","Princeton","NJ",40.357439,-74.64922
"08840","MSJB9886","2015-001-503445","Female","Russian","Year","Chisinau","47.0105","28.8638","Moldova","New Jersey","Metuchen","NJ",40.543354,-74.3587
"09012","GWAP4668","2015-001-501086","Male","Arabic","Summer","Rabat","33.9716","6.8498","Morocco","Armed Forces Europe (Africa, Canada, Europe, Middle East)","Apo","AE",NA,NA
"09173","QCEM2798","2015-001-502971","Female","Russian","Summer","Chisinau","47.0105","28.8638","Moldova","Armed Forces Europe (Africa, Canada, Europe, Middle East)","Apo","AE",NA,NA
"10021","GEBG8814","2015-001-502685","Female","Korean","Summer","Songdo","37.3839","126.6439","South Korea","New York","New York","NY",40.76842,-73.96045
"10022","KWKX9418","2015-001-500988","Female","Korean","Summer","Seoul","37.5665","126.978","South Korea","New York","New York","NY",40.759015,-73.96732
"10024","FBEU6917","2015-001-503702","Male","Russian","Year","Chisinau","47.0105","28.8638","Moldova","New York","New York","NY",40.786387,-73.97709
"10025","UQVC6226","2015-001-501858","Female","Persian (Tajik)","Summer","Dushanbe","38.5598","68.787","Tajikistan","New York","New York","NY",40.798502,-73.96811
"10028","QYAV8396","2015-001-501868","Male","Arabic","Year","Marrakesh","31.6295","7.9811","Morocco","New York","New York","NY",40.776777,-73.9541
"10028","GNGZ1477","2015-001-503103","Male","Russian","Summer","Chisinau","47.0105","28.8638","Moldova","New York","New York","NY",40.776777,-73.9541
"10029","HPHP3849","2015-001-509604","Female","Korean","Summer","Songdo","37.3839","126.6439","South Korea","New York","New York","NY",40.791586,-73.94575
"10029","BHMN1765","2015-001-502646","Female","Russian","Summer","Moscow","55.7558","37.6173","Russia","New York","New York","NY",40.791586,-73.94575
"10069","XDBF9267","2015-001-503021","Male","Persian (Tajik)","Summer","Dushanbe","38.5598","68.787","Tajikistan","New York","New York","NY",40.775477,-73.9905
"10075","GAJU4615","2015-001-500555","Male","Persian (Tajik)","Summer","Dushanbe","38.5598","68.787","Tajikistan","New York","New York","NY",40.77,-73.95
"10128","KGPR4235","2015-001-502401","Female","Chinese","Summer","Hangzhou","30.2741","120.1551","China","New York","New York","NY",40.781894,-73.95039
"10305","UNXV6342","2015-001-502657","Male","Arabic","Summer","Amman","31.9454","35.9284","Jordan","New York","Staten Island","NY",40.599021,-74.07503
"10452","MJPW3136","2015-001-503252","Female","Arabic","Summer","Rabat","33.9716","6.8498","Morocco","New York","Bronx","NY",40.838745,-73.92234
"10453","XRJB3258","2015-001-509643","Female","Korean","Summer","Seoul","37.5665","126.978","South Korea","New York","Bronx","NY",40.853017,-73.91214
"10576","BHPH4787","2015-001-503406","Female","Russian","Year","Chisinau","47.0105","28.8638","Moldova","New York","Pound Ridge","NY",41.212954,-73.58409
"10583","HHWS1696","2015-001-502149","Female","Chinese","Summer","Shanghai","31.2304","121.4737","China","New York","Scarsdale","NY",40.98845,-73.79716
"10703","KMNV7872","2015-001-501501","Male","Chinese","Summer","Suzhou","31.299","120.5853","China","New York","Yonkers","NY",40.956546,-73.8799
"10804","HSZU3732","2015-001-502943","Female","Arabic","Summer","Marrakesh","31.6295","7.9811","Morocco","New York","Wykagyl","NY",40.946805,-73.78797
"10956","HMRQ1181","2015-001-511276","Male","Chinese","Summer","Harbin","45.8038","126.535","China","New York","New City","NY",41.145495,-73.9949
"11030","TUTU1836","2015-001-503716","Female","Russian","Summer","Chisinau","47.0105","28.8638","Moldova","New York","Manhasset","NY",40.796752,-73.68935
"11105","BYNM2279","2015-001-502517","Female","Arabic","Summer","Marrakesh","31.6295","7.9811","Morocco","New York","Astoria","NY",40.774686,-73.90816
"11206","QVZY8353","2015-001-509642","Female","Russian","Summer","Chisinau","47.0105","28.8638","Moldova","New York","Brooklyn","NY",40.702348,-73.94288
"11208","KMHS5491","2015-001-503761","Female","Turkish","Summer","Bursa","40.1885","29.061","Turkey","New York","Brooklyn","NY",40.672666,-73.87248
"11210","HJXP1678","2015-001-509615","Female","Korean","Summer","Seoul","37.5665","126.978","South Korea","New York","Brooklyn","NY",40.627946,-73.94552
"11214","WWJA7296","2015-001-509625","Male","Korean","Summer","Seoul","37.5665","126.978","South Korea","New York","Brooklyn","NY",40.598994,-73.99611
"11215","EAQB7513","2015-001-503907","Male","Turkish","Summer","Bursa","40.1885","29.061","Turkey","New York","Brooklyn","NY",40.667508,-73.9856
"11218","QEAZ3413","2015-001-502768","Female","Chinese","Summer","Xiamen","24.4798","118.0894","China","New York","Brooklyn","NY",40.644552,-73.97595
"11220","CTVR4372","2015-001-503532","Male","Chinese","Summer","Shanghai","31.2304","121.4737","China","New York","Brooklyn","NY",40.641436,-74.01574
"11231","SZKR1475","2015-001-502000","Female","Arabic","Year","Rabat","33.9716","6.8498","Morocco","New York","Brooklyn","NY",40.6788,-74.00254
"11231","ZWDE1911","2015-001-502271","Female","Chinese","Summer","Nanjing","32.0603","118.7969","China","New York","Brooklyn","NY",40.6788,-74.00254
"11232","DCMC3888","2015-001-509639","Male","Turkish","Summer","Bursa","40.1885","29.061","Turkey","New York","Brooklyn","NY",40.655481,-74.00424
"11236","XDTD8992","2015-001-509638","Female","Turkish","Summer","Ankara","39.9334","32.8597","Turkey","New York","Brooklyn","NY",40.640527,-73.90362
"11377","UJFC3865","2015-001-509602","Female","Korean","Summer","Seoul","37.5665","126.978","South Korea","New York","Woodside","NY",40.742869,-73.90377
"11782","XEUC6736","2015-001-503625","Female","Russian","Summer","Moscow","55.7558","37.6173","Russia","New York","Sayville","NY",40.739869,-73.07198
"13104","JKFH2892","2015-001-501424","Female","Korean","Summer","Seoul","37.5665","126.978","South Korea","New York","Manlius","NY",42.987329,-75.96763
"13501","DBUT1225","2015-001-500962","Male","Arabic","Year","Marrakesh","31.6295","7.9811","Morocco","New York","Utica","NY",43.087669,-75.22681
"14047","ZQDZ9519","2015-001-503131","Male","Chinese","Summer","Xiamen","24.4798","118.0894","China","New York","Derby","NY",42.694598,-78.98151
"14141","CPED2151","2015-001-500557","Female","Russian","Summer","Chisinau","47.0105","28.8638","Moldova","New York","Springville","NY",42.516248,-78.68944
"14445","ZACY9279","2015-001-503240","Male","Hindi","Year","Indore","22.7196","75.8577","India","New York","East Rochester","NY",43.111663,-77.48709
"15017","WZGD7253","2015-001-502802","Female","Russian","Year","Chisinau","47.0105","28.8638","Moldova","Pennsylvania","Bridgeville","PA",40.351802,-80.11534
"15102","JYHR7137","2015-001-503614","Female","Russian","Summer","Moscow","55.7558","37.6173","Russia","Pennsylvania","Bethel Park","PA",40.324535,-80.03864
"15216","NRBP2379","2015-001-503705","Male","Russian","Summer","Chisinau","47.0105","28.8638","Moldova","Pennsylvania","Pittsburgh","PA",40.400319,-80.03566
"15241","GPHQ9878","2015-001-502804","Male","Chinese","Summer","Xiamen","24.4798","118.0894","China","Pennsylvania","Pittsburgh","PA",40.329619,-80.07364
"16066","QZHT8649","2015-001-500718","Female","Korean","Summer","Jeonju","35.8242","127.148","South Korea","Pennsylvania","Cranberry Twp","PA",40.700423,-80.11374
"16870","MJSY6731","2015-001-500620","Female","Arabic","Summer","Rabat","33.9716","6.8498","Morocco","Pennsylvania","Port Matilda","PA",40.801396,-78.045
"17601","JVKC3682","2015-001-503446","Female","Arabic","Summer","Rabat","33.9716","6.8498","Morocco","Pennsylvania","Lancaster","PA",40.072246,-76.3155
"18034","PNCE9885","2015-001-502765","Female","Arabic","Summer","Marrakesh","31.6295","7.9811","Morocco","Pennsylvania","Center Valley","PA",40.540398,-75.41501
"18064","VRCC7164","2015-001-500507","Female","Chinese","Year","Kaohsiung","22.6273","120.3014","Taiwan","Pennsylvania","Nazareth","PA",40.746849,-75.31632
"18104","DKGW1473","2015-001-503611","Female","Turkish","Summer","Ankara","39.9334","32.8597","Turkey","Pennsylvania","Allentown","PA",40.601996,-75.52104
"18353","XSGB9152","2015-001-500617","Male","Chinese","Summer","Jiaxing","30.7539","120.7585","China","Pennsylvania","Saylorsburg","PA",40.906654,-75.35881
"19003","JVBR7819","2015-001-501207","Female","Korean","Summer","Seoul","37.5665","126.978","South Korea","Pennsylvania","Ardmore","PA",40.000861,-75.29694
"19038","NADQ6643","2015-001-502589","Female","Hindi","Summer","Pune","18.5204","73.8567","India","Pennsylvania","Glenside","PA",40.10346,-75.16829
"19095","MAHJ9126","2015-001-502377","Male","Arabic","Summer","Rabat","33.9716","6.8498","Morocco","Pennsylvania","Wyncote","PA",40.08786,-75.14707
"19096","BKJZ7266","2015-001-501030","Female","Chinese","Summer","Suzhou","31.299","120.5853","China","Pennsylvania","Wynnewood","PA",39.992345,-75.27624
"19102","BCXP3649","2015-001-504438","Female","Arabic","Summer","Rabat","33.9716","6.8498","Morocco","Pennsylvania","Philadelphia","PA",39.952962,-75.16558
"19130","SJCB8367","2015-001-503244","Female","Turkish","Summer","Bursa","40.1885","29.061","Turkey","Pennsylvania","Philadelphia","PA",39.968262,-75.17222
"19139","ZAHA2678","2015-001-500917","Female","Russian","Summer","Chisinau","47.0105","28.8638","Moldova","Pennsylvania","Philadelphia","PA",39.961812,-75.23003
"19153","SKTR3641","2015-001-500934","Male","Chinese","Summer","Hangzhou","30.2741","120.1551","China","Pennsylvania","Philadelphia","PA",39.898985,-75.23221
"19403","CVTC4488","2015-001-501328","Female","Arabic","Summer","Rabat","33.9716","6.8498","Morocco","Pennsylvania","Norristown","PA",40.146069,-75.38378
"19962","WDTE7467","2015-001-501483","Female","Chinese","Summer","Nanjing","32.0603","118.7969","China","Delaware","Magnolia","DE",39.06517,-75.49858
"20002","YCVN2823","2015-001-501894","Male","Chinese","Summer","Shanghai","31.2304","121.4737","China","District of Columbia","Washington","DC",38.901811,-76.99097
"20007","FPTQ2451","2015-001-502734","Female","Chinese","Summer","Suzhou","31.299","120.5853","China","District of Columbia","Washington","DC",38.913961,-77.07179
"20008","WSBG5698","2015-001-501110","Male","Chinese","Summer","Suzhou","31.299","120.5853","China","District of Columbia","Washington","DC",38.934866,-77.06039
"20008","PWWG1443","2015-001-502070","Male","Turkish","Summer","Bursa","40.1885","29.061","Turkey","District of Columbia","Washington","DC",38.934866,-77.06039
"20010","QCGZ4551","2015-001-503097","Male","Chinese","Year","Kaohsiung","22.6273","120.3014","Taiwan","District of Columbia","Washington","DC",38.933311,-77.02929
"20015","FBUJ4192","2015-001-500651","Male","Chinese","Summer","Xiamen","24.4798","118.0894","China","District of Columbia","Washington","DC",38.96516,-77.06737
"20151","CHCJ7481","2015-001-503650","Female","Arabic","Year","Rabat","33.9716","6.8498","Morocco","Virginia","Chantilly","VA",38.889111,-77.4363
"20165","DBUA9296","2015-001-502974","Male","Chinese","Summer","Xiamen","24.4798","118.0894","China","Virginia","Sterling","VA",39.044855,-77.38701
"20814","YFBW6586","2015-001-500566","Female","Arabic","Summer","Rabat","33.9716","6.8498","Morocco","Maryland","Bethesda","MD",38.999759,-77.10185
"20815","XDHN8952","2015-001-503854","Male","Russian","Summer","Moscow","55.7558","37.6173","Russia","Maryland","Chevy Chase","MD",38.97986,-77.08079
"20815","WWGZ4471","2015-001-502293","Female","Chinese","Summer","Hangzhou","30.2741","120.1551","China","Maryland","Chevy Chase","MD",38.97986,-77.08079
"20817","GQNP6156","2015-001-502983","Female","Chinese","Summer","Hangzhou","30.2741","120.1551","China","Maryland","Bethesda","MD",38.996842,-77.13519
"20827","ZNJU8819","2015-001-503227","Female","Chinese","Summer","Shanghai","31.2304","121.4737","China","Maryland","Bethesda","MD",39.143979,-77.207617
"20838","NEGS4698","2015-001-500999","Female","Korean","Year","Seoul","37.5665","126.978","South Korea","Maryland","Barnesville","MD",39.221975,-77.37781
"20854","NGYB4763","2015-001-502779","Male","Chinese","Summer","Hangzhou","30.2741","120.1551","China","Maryland","Potomac","MD",39.035028,-77.19995
"20912","DCBP4428","2015-001-503295","Female","Turkish","Summer","Ankara","39.9334","32.8597","Turkey","Maryland","Takoma Park","MD",38.98236,-77.00044
"20912","EBKQ5293","2015-001-502277","Male","Russian","Summer","Chisinau","47.0105","28.8638","Moldova","Maryland","Takoma Park","MD",38.98236,-77.00044
"21042","JXSW2478","2015-001-501669","Female","Chinese","Summer","Jiaxing","30.7539","120.7585","China","Maryland","Ellicott City","MD",39.276305,-76.86082
"21042","BRJT2794","2015-001-501782","Male","Arabic","Summer","Rabat","33.9716","6.8498","Morocco","Maryland","Ellicott City","MD",39.276305,-76.86082
"21046","WRDY4287","2015-001-503680","Male","Arabic","Summer","Rabat","33.9716","6.8498","Morocco","Maryland","Columbia","MD",39.175004,-76.85319
"21048","RFGC4736","2015-001-501309","Female","Arabic","Summer","Rabat","33.9716","6.8498","Morocco","Maryland","Finksburg","MD",39.506853,-76.90953
"21209","VMSJ7283","2015-001-501543","Female","Arabic","Summer","Rabat","33.9716","6.8498","Morocco","Maryland","Baltimore","MD",39.368974,-76.66904
"21237","PSKY1894","2015-001-501667","Female","Russian","Year","Chisinau","47.0105","28.8638","Moldova","Maryland","Rosedale","MD",39.33224,-76.50365
"22025","YVMP4959","2015-001-501845","Female","Russian","Summer","Chisinau","47.0105","28.8638","Moldova","Virginia","Dumfries","VA",38.6,-77.34
"22030","CMPU2359","2015-001-501708","Female","Arabic","Summer","Rabat","33.9716","6.8498","Morocco","Virginia","Fairfax","VA",38.846212,-77.32787
"22043","XJKK1338","2015-001-503459","Female","Russian","Summer","Moscow","55.7558","37.6173","Russia","Virginia","Falls Church","VA",38.901311,-77.19777
"22044","RFNG4334","2015-001-500929","Male","Korean","Year","Seoul","37.5665","126.978","South Korea","Virginia","Falls Church","VA",38.859645,-77.15328
"22044","STSW9137","2015-001-501066","Male","Chinese","Summer","Hangzhou","30.2741","120.1551","China","Virginia","Falls Church","VA",38.859645,-77.15328
"22101","UNMT4841","2015-001-503520","Female","Turkish","Summer","Bursa","40.1885","29.061","Turkey","Virginia","McLean","VA",38.93276,-77.1677
"22102","NBXX8596","2015-001-500571","Female","Arabic","Summer","Marrakesh","31.6295","7.9811","Morocco","Virginia","McLean","VA",38.938664,-77.22196
"22152","BMEC1478","2015-001-500595","Male","Russian","Year","Chisinau","47.0105","28.8638","Moldova","Virginia","Springfield","VA",38.775716,-77.23131
"22180","NBVB9732","2015-001-502287","Male","Arabic","Summer","Amman","31.9454","35.9284","Jordan","Virginia","Vienna","VA",38.894711,-77.25337
"22192","KUCC1238","2015-001-501619","Male","Russian","Summer","Narva","59.3797","28.1791","Estonia","Virginia","Woodbridge","VA",38.678451,-77.30657
"22201","UPMC1832","2015-001-502165","Female","Chinese","Summer","Hangzhou","30.2741","120.1551","China","Virginia","Arlington","VA",38.885337,-77.09512
"22201","VQMG5247","2015-001-501600","Female","Arabic","Summer","Rabat","33.9716","6.8498","Morocco","Virginia","Arlington","VA",38.885337,-77.09512
"22205","CVMF8762","2015-001-501385","Male","Chinese","Summer","Shanghai","31.2304","121.4737","China","Virginia","Arlington","VA",38.88275,-77.13999
"22207","BQZT9898","2015-001-503030","Male","Chinese","Summer","Nanjing","32.0603","118.7969","China","Virginia","Arlington","VA",38.903697,-77.12749
"22207","MSUV9579","2015-001-501595","Female","Chinese","Summer","Xiamen","24.4798","118.0894","China","Virginia","Arlington","VA",38.903697,-77.12749
"22207","QNKG3655","2015-001-502980","Female","Turkish","Summer","Ankara","39.9334","32.8597","Turkey","Virginia","Arlington","VA",38.903697,-77.12749
"22903","ZKMQ5678","2015-001-500936","Female","Korean","Year","Seoul","37.5665","126.978","South Korea","Virginia","Charlottesville","VA",38.026342,-78.5348
"23113","WTXM9273","2015-001-501719","Female","Arabic","Summer","Rabat","33.9716","6.8498","Morocco","Virginia","Midlothian","VA",37.51338,-77.64165
"23116","UQXW8991","2015-001-501206","Female","Arabic","Summer","Marrakesh","31.6295","7.9811","Morocco","Virginia","Mechanicsville","VA",37.662559,-77.36778
"23229","YJBG8333","2015-001-501062","Male","Russian","Year","Chisinau","47.0105","28.8638","Moldova","Virginia","Richmond","VA",37.593546,-77.56271
"23452","HTVE6749","2015-001-501149","Female","Korean","Summer","Jeonju","35.8242","127.148","South Korea","Virginia","Virginia Beach","VA",36.839209,-76.09333
"23454","JXJR4436","2015-001-500933","Female","Korean","Summer","Seoul","37.5665","126.978","South Korea","Virginia","Virginia Beach","VA",36.838398,-76.02862
"23455","CVEK5354","2015-001-501997","Male","Turkish","Summer","Ankara","39.9334","32.8597","Turkey","Virginia","Virginia Beach","VA",36.889797,-76.1426
"23456","WDNN4714","2015-001-501626","Male","Arabic","Summer","Marrakesh","31.6295","7.9811","Morocco","Virginia","Virginia Beach","VA",36.762459,-76.06139
"23462","DXAJ3775","2015-001-500727","Female","Russian","Summer","Narva","59.3797","28.1791","Estonia","Virginia","Virginia Beach","VA",36.839648,-76.15177
"23692","GBVQ7554","2015-001-511309","Female","Chinese","Summer","Harbin","45.8038","126.535","China","Virginia","Yorktown","VA",37.178417,-76.46751
"23692","FXQZ1774","2015-001-503734","Male","Russian","Summer","Kirov","58.4199","50.2097","Russia","Virginia","Yorktown","VA",37.178417,-76.46751
"25404","CBKK1857","2015-001-501628","Male","Chinese","Summer","Xiamen","24.4798","118.0894","China","West Virginia","Martinsburg","WV",39.46,-77.96
"25419","FPSW2233","2015-001-503344","Female","Korean","Summer","Seoul","37.5665","126.978","South Korea","West Virginia","Falling Waters","WV",39.58132,-77.8804
"27260","MSDR9577","2015-001-502775","Male","Russian","Summer","Moscow","55.7558","37.6173","Russia","North Carolina","High Point","NC",35.950436,-79.99345
"27278","FAQA1474","2015-001-503900","Male","Russian","Summer","Chisinau","47.0105","28.8638","Moldova","North Carolina","Hillsborough","NC",36.079726,-79.09459
"27401","TSMD7712","2015-001-501202","Female","Korean","Summer","Seoul","37.5665","126.978","South Korea","North Carolina","Greensboro","NC",36.071135,-79.77468
"27405","VFWK5625","2015-001-502150","Female","Arabic","Summer","Marrakesh","31.6295","7.9811","Morocco","North Carolina","Greensboro","NC",36.107499,-79.75242
"27405","QPPE5378","2015-001-501132","Female","Korean","Summer","Songdo","37.3839","126.6439","South Korea","North Carolina","Greensboro","NC",36.107499,-79.75242
"27516","MYKQ2667","2015-001-503092","Female","Russian","Summer","Moscow","55.7558","37.6173","Russia","North Carolina","Chapel Hill","NC",35.912786,-79.10931
"27516","KXGV8539","2015-001-501495","Male","Chinese","Summer","Xiamen","24.4798","118.0894","China","North Carolina","Chapel Hill","NC",35.912786,-79.10931
"27517","FABS4683","2015-001-503025","Female","Hindi","Summer","Indore","22.7196","75.8577","India","North Carolina","Chapel Hill","NC",35.892359,-79.020849
"27519","CNPH8754","2015-001-502018","Male","Korean","Summer","Jeonju","35.8242","127.148","South Korea","North Carolina","Cary","NC",35.76812,-78.829548
"27603","HVFH3137","2015-001-500693","Female","Russian","Summer","Narva","59.3797","28.1791","Estonia","North Carolina","Raleigh","NC",35.716105,-78.65734
"28078","PKQX1512","2015-001-500529","Female","Hindi","Summer","Pune","18.5204","73.8567","India","North Carolina","Huntersville","NC",35.409544,-80.86362
"28104","FNTK8917","2015-001-503821","Male","Russian","Summer","Kirov","58.4199","50.2097","Russia","North Carolina","Matthews","NC",35.067285,-80.68424
"28139","CAJA6727","2015-001-501779","Male","Korean","Summer","Jeonju","35.8242","127.148","South Korea","North Carolina","Rutherfordton","NC",35.361333,-81.98377
"28174","HCYX2435","2015-001-502902","Female","Chinese","Summer","Jiaxing","30.7539","120.7585","China","North Carolina","Wingate","NC",34.981605,-80.44305
"28210","CKBW9396","2015-001-503804","Male","Turkish","Summer","Ankara","39.9334","32.8597","Turkey","North Carolina","Charlotte","NC",35.13451,-80.85632
"28216","CWQU7715","2015-001-500974","Male","Chinese","Summer","Shanghai","31.2304","121.4737","China","North Carolina","Charlotte","NC",35.286967,-80.87903
"28307","ECRU9194","2015-001-501697","Female","Arabic","Year","Marrakesh","31.6295","7.9811","Morocco","North Carolina","Fort Bragg","NC",35.142321,-79.01225
"28374","WGGT7431","2015-001-503372","Female","Russian","Summer","Chisinau","47.0105","28.8638","Moldova","North Carolina","Pinehurst","NC",35.195417,-79.46496
"28409","MAEV6613","2015-001-501037","Female","Chinese","Summer","Deyang","31.1269","104.3979","China","North Carolina","Wilmington","NC",34.169953,-77.87113
"28618","BTFJ8118","2015-001-503008","Male","Chinese","Summer","Zhuhai","22.271","113.5767","China","North Carolina","Deep Gap","NC",36.197882,-81.52276
"28714","JZEG4221","2015-001-501023","Female","Korean","Summer","Seoul","37.5665","126.978","South Korea","North Carolina","Burnsville","NC",35.891276,-82.30008
"28778","VJPJ1596","2015-001-501780","Male","Hindi","Year","Indore","22.7196","75.8577","India","North Carolina","Swannanoa","NC",35.60243,-82.40531
"28804","PJFH8161","2015-001-500736","Female","Persian (Tajik)","Summer","Dushanbe","38.5598","68.787","Tajikistan","North Carolina","Asheville","NC",35.635844,-82.55992
"29072","EBKM8571","2015-001-501448","Female","Russian","Summer","Chisinau","47.0105","28.8638","Moldova","South Carolina","Lexington","SC",33.991362,-81.25047
"29073","RFFH4415","2015-001-500552","Female","Chinese","Summer","Jiaxing","30.7539","120.7585","China","South Carolina","Lexington","SC",33.917812,-81.21854
"29206","YKPC9782","2015-001-511281","Female","Russian","Summer","Moscow","55.7558","37.6173","Russia","South Carolina","Columbia","SC",34.037557,-80.96024
"29482","STPV1984","2015-001-500771","Male","Chinese","Summer","Deyang","31.1269","104.3979","China","South Carolina","Sullivans Island","SC",32.763456,-79.83791
"29526","WJPH7147","2015-001-502978","Female","Korean","Summer","Jeonju","35.8242","127.148","South Korea","South Carolina","Conway","SC",33.850218,-79.01692
"29579","TQRA9865","2015-001-503740","Female","Korean","Summer","Seoul","37.5665","126.978","South Korea","South Carolina","Myrtle Beach","SC",33.729439,-78.97824
"29631","NSWV3638","2015-001-502609","Male","Korean","Summer","Songdo","37.3839","126.6439","South Korea","South Carolina","Clemson","SC",34.681255,-82.82176
"29651","BHNC4529","2015-001-503727","Male","Russian","Summer","Moscow","55.7558","37.6173","Russia","South Carolina","Greer","SC",34.937356,-82.22117
"30004","ADUS7431","2015-001-511298","Male","Russian","Summer","Moscow","55.7558","37.6173","Russia","Georgia","Alpharetta","GA",34.119177,-84.30292
"30033","KGHF1991","2015-001-502843","Female","Arabic","Summer","Amman","31.9454","35.9284","Jordan","Georgia","Decatur","GA",33.811354,-84.28335
"30039","DDZA1411","2015-001-500782","Male","Korean","Year","Seoul","37.5665","126.978","South Korea","Georgia","Snellville","GA",33.822204,-84.03707
"30040","KSTH3995","2015-001-501604","Female","Hindi","Summer","Indore","22.7196","75.8577","India","Georgia","Cumming","GA",34.235408,-84.17441
"30078","JBJG4329","2015-001-500922","Female","Arabic","Summer","Muscat","23.5859","58.4059","Oman","Georgia","Snellville","GA",33.860955,-84.01807
"30084","WXKE6161","2015-001-500947","Female","Arabic","Summer","Rabat","33.9716","6.8498","Morocco","Georgia","Tucker","GA",33.853853,-84.22036
"30135","CTCN6178","2015-001-501441","Female","Korean","Summer","Seoul","37.5665","126.978","South Korea","Georgia","Douglasville","GA",33.701554,-84.73756
"30305","TAZM3362","2015-001-503861","Male","Arabic","Summer","Rabat","33.9716","6.8498","Morocco","Georgia","Atlanta","GA",33.830054,-84.38472
"30316","NSCY8547","2015-001-503473","Male","Chinese","Summer","Hangzhou","30.2741","120.1551","China","Georgia","Atlanta","GA",33.729506,-84.34087
"30318","YUYG6387","2015-001-503292","Male","Chinese","Summer","Zhuhai","22.271","113.5767","China","Georgia","Atlanta","GA",33.786805,-84.437
"30327","FUCC7387","2015-001-503064","Female","Arabic","Summer","Marrakesh","31.6295","7.9811","Morocco","Georgia","Atlanta","GA",33.86427,-84.41972
"30327","YJUS2337","2015-001-502880","Male","Arabic","Summer","Rabat","33.9716","6.8498","Morocco","Georgia","Atlanta","GA",33.86427,-84.41972
"30338","UCWD1464","2015-001-501692","Female","Persian (Tajik)","Summer","Dushanbe","38.5598","68.787","Tajikistan","Georgia","Atlanta","GA",33.942751,-84.31769
"30338","MQXU3835","2015-001-501042","Female","Chinese","Summer","Deyang","31.1269","104.3979","China","Georgia","Atlanta","GA",33.942751,-84.31769
"30350","EMNA9982","2015-001-501994","Female","Chinese","Year","Beijing","39.9042","116.4074","China","Georgia","Atlanta","GA",33.97285,-84.32775
"30813","CDGV2498","2015-001-502831","Female","Russian","Summer","Narva","59.3797","28.1791","Estonia","Texas","Grovetown","GA",33.459489,-82.20102
"31211","RPFX9575","2015-001-501587","Female","Chinese","Summer","Jiaxing","30.7539","120.7585","China","Georgia","Macon","GA",32.878304,-83.59963
"32082","NRWR9624","2015-001-502967","Male","Turkish","Summer","Ankara","39.9334","32.8597","Turkey","Florida","Ponte Vedra Beach","FL",30.189934,-81.38213
"32086","DWKM3792","2015-001-501061","Female","Chinese","Summer","Shanghai","31.2304","121.4737","China","Florida","Saint Augustine","FL",29.811123,-81.30987
"32174","HAFW6885","2015-001-511306","Female","Russian","Summer","Moscow","55.7558","37.6173","Russia","Florida","Ormond Beach","FL",29.284924,-81.10296
"32210","VESE1636","2015-001-500724","Female","Chinese","Summer","Xiamen","24.4798","118.0894","China","Florida","Jacksonville","FL",30.268572,-81.73987
"32223","HUKN7337","2015-001-501698","Female","Russian","Summer","Narva","59.3797","28.1791","Estonia","Florida","Jacksonville","FL",30.159091,-81.63073
"32233","ZWYA9448","2015-001-500497","Female","Russian","Summer","Kirov","58.4199","50.2097","Russia","Florida","Atlantic Beach","FL",30.343407,-81.40949
"32561","ETUM5738","2015-001-501284","Female","Persian (Tajik)","Summer","Dushanbe","38.5598","68.787","Tajikistan","Florida","Gulf Breeze","FL",30.375469,-87.09013
"32578","VFBT4478","2015-001-501267","Female","Korean","Summer","Seoul","37.5665","126.978","South Korea","Florida","Niceville","FL",30.500901,-86.45335
"32578","DXKH4325","2015-001-502318","Male","Chinese","Year","Kaohsiung","22.6273","120.3014","Taiwan","Florida","Niceville","FL",30.500901,-86.45335
"32968","MFBN3163","2015-001-501141","Female","Chinese","Summer","Xiamen","24.4798","118.0894","China","Florida","Vero Beach","FL",27.594718,-80.45722
"33073","XPHM4819","2015-001-502608","Female","Chinese","Summer","Jiaxing","30.7539","120.7585","China","Florida","Pompano Beach","FL",26.305433,-80.18287
"33170","CQCB6417","2015-001-501068","Female","Chinese","Summer","Jiaxing","30.7539","120.7585","China","Florida","Miami","FL",25.559785,-80.41664
"33317","JURV2494","2015-001-503442","Female","Chinese","Summer","Suzhou","31.299","120.5853","China","Florida","Fort Lauderdale","FL",26.113664,-80.22376
"33326","CZSY6827","2015-001-501362","Male","Chinese","Summer","Nanjing","32.0603","118.7969","China","Florida","Weston","FL",26.112366,-80.37697
"33332","PKMR5287","2015-001-503708","Female","Chinese","Summer","Xiamen","24.4798","118.0894","China","Florida","Fort Lauderdale","FL",26.049367,-80.40885
"33437","XYBS6514","2015-001-501662","Female","Chinese","Summer","Xiamen","24.4798","118.0894","China","Florida","Boynton Beach","FL",26.522249,-80.15031
"33616","JHYZ9118","2015-001-501074","Female","Korean","Summer","Songdo","37.3839","126.6439","South Korea","Florida","Tampa","FL",27.869251,-82.52226
"33626","MZMK1683","2015-001-502128","Female","Korean","Summer","Seoul","37.5665","126.978","South Korea","Florida","Tampa","FL",28.052799,-82.61135
"33928","XCZH1361","2015-001-500995","Male","Arabic","Summer","Amman","31.9454","35.9284","Jordan","Florida","Estero","FL",26.425671,-81.80196
"34744","YYDW9373","2015-001-503287","Female","Chinese","Summer","Deyang","31.1269","104.3979","China","Florida","Kissimmee","FL",28.308979,-81.37594
"34786","FYGC2157","2015-001-503086","Male","Korean","Summer","Seoul","37.5665","126.978","South Korea","Florida","Windermere","FL",28.495982,-81.5362
"35226","XVPE4685","2015-001-511294","Female","Russian","Summer","Moscow","55.7558","37.6173","Russia","Alabama","Birmingham","AL",33.406409,-86.8295
"35405","UMAE7175","2015-001-502960","Female","Korean","Year","Seoul","37.5665","126.978","South Korea","Alabama","Tuscaloosa","AL",33.149246,-87.52303
"35801","SDJW9945","2015-001-502672","Male","Korean","Summer","Seoul","37.5665","126.978","South Korea","Alabama","Huntsville","AL",34.72879,-86.57316
"36117","CKTG8726","2015-001-502086","Female","Chinese","Summer","Xiamen","24.4798","118.0894","China","Alabama","Montgomery","AL",32.373714,-86.16443
"36117","ZANP7965","2015-001-503139","Female","Arabic","Summer","Rabat","33.9716","6.8498","Morocco","Alabama","Montgomery","AL",32.373714,-86.16443
"37146","MXWB3584","2015-001-502117","Female","Arabic","Year","Marrakesh","31.6295","7.9811","Morocco","Tennessee","Pleasant View","TN",36.393153,-87.0285
"37931","PPKU6197","2015-001-502369","Male","Chinese","Summer","Nanjing","32.0603","118.7969","China","Tennessee","Knoxville","TN",35.976063,-84.1182
"37932","RPTF2986","2015-001-501565","Female","Chinese","Year","Changzhou","31.8112","119.9741","China","Tennessee","Knoxville","TN",35.919695,-84.17255
"37934","FDED6948","2015-001-502580","Male","Russian","Summer","Chisinau","47.0105","28.8638","Moldova","Tennessee","Knoxville","TN",35.87,-84.17
"38017","EYCV8112","2015-001-501643","Female","Chinese","Summer","Nanjing","32.0603","118.7969","China","Tennessee","Collierville","TN",35.057224,-89.67417
"38116","YPTF5277","2015-001-502835","Female","Chinese","Summer","Deyang","31.1269","104.3979","China","Tennessee","Memphis","TN",35.03319,-90.01128
"38138","DTGZ5291","2015-001-501636","Female","Arabic","Summer","Muscat","23.5859","58.4059","Oman","Tennessee","Germantown","TN",35.088885,-89.80677
"39402","JWTQ7556","2015-001-511289","Female","Russian","Summer","Moscow","55.7558","37.6173","Russia","Mississippi","Hattiesburg","MS",31.325437,-89.37926
"39452","GXZM2337","2015-001-502889","Female","Russian","Summer","Chisinau","47.0105","28.8638","Moldova","Mississippi","Lucedale","MS",30.873353,-88.58869
"39701","FTPT6676","2015-001-503184","Male","Russian","Summer","Narva","59.3797","28.1791","Estonia","Mississippi","Columbus","MS",33.492107,-88.43746
"40004","HPEV7813","2015-001-500907","Male","Chinese","Summer","Deyang","31.1269","104.3979","China","Kentucky","Bardstown","KY",37.81109,-85.46164
"40142","QPGP8856","2015-001-501561","Male","Chinese","Year","Beijing","39.9042","116.4074","China","Kentucky","Guston","KY",37.894075,-86.20383
"40206","FKUN1748","2015-001-503447","Female","Arabic","Summer","Rabat","33.9716","6.8498","Morocco","Kentucky","Louisville","KY",38.254671,-85.70254
"40214","UQBK7671","2015-001-501375","Male","Arabic","Summer","Rabat","33.9716","6.8498","Morocco","Kentucky","Louisville","KY",38.160936,-85.77624
"40245","DSWF8632","2015-001-503429","Female","Arabic","Summer","Rabat","33.9716","6.8498","Morocco","Kentucky","Louisville","KY",38.270855,-85.48322
"40324","VFMK3689","2015-001-503107","Female","Hindi","Summer","Indore","22.7196","75.8577","India","Kentucky","Georgetown","KY",38.221179,-84.55465
"41701","AYEC4878","2015-001-502995","Female","Korean","Year","Seoul","37.5665","126.978","South Korea","Kentucky","Hazard","KY",37.274854,-83.19061
"42103","QVQT1217","2015-001-503899","Male","Arabic","Summer","Marrakesh","31.6295","7.9811","Morocco","Kentucky","Bowling Green","KY",36.969761,-86.38247
"42301","KQWM6493","2015-001-501491","Female","Arabic","Summer","Marrakesh","31.6295","7.9811","Morocco","Kentucky","Owensboro","KY",37.753347,-87.17419
"42303","TSFT5321","2015-001-502104","Male","Korean","Summer","Seoul","37.5665","126.978","South Korea","Kentucky","Owensboro","KY",37.758568,-87.08714
"42303","QATP7379","2015-001-501825","Male","Korean","Summer","Seoul","37.5665","126.978","South Korea","Kentucky","Owensboro","KY",37.758568,-87.08714
"43017","RQRX5597","2015-001-503599","Male","Chinese","Summer","Suzhou","31.299","120.5853","China","Ohio","Dublin","OH",40.109478,-83.12713
"43220","CTVT7119","2015-001-502370","Female","Russian","Year","Chisinau","47.0105","28.8638","Moldova","Ohio","Columbus","OH",40.047273,-83.06986
"44028","MNPJ1665","2015-001-501430","Female","Russian","Year","Chisinau","47.0105","28.8638","Moldova","Ohio","Columbia Station","OH",41.316001,-81.93433
"44028","TMBW5878","2015-001-501224","Male","Chinese","Year","Beijing","39.9042","116.4074","China","Ohio","Columbia Station","OH",41.316001,-81.93433
"44124","NDRH3926","2015-001-502578","Male","Chinese","Summer","Suzhou","31.299","120.5853","China","Ohio","Cleveland","OH",41.513752,-81.47281
"44139","MRZU4955","2015-001-503542","Male","Chinese","Summer","Shanghai","31.2304","121.4737","China","Ohio","Solon","OH",41.388387,-81.44365
"44333","NKXW2625","2015-001-511300","Female","Russian","Summer","Moscow","55.7558","37.6173","Russia","Ohio","Akron","OH",41.144661,-81.61948
"44844","ZBVX6729","2015-001-500505","Male","Russian","Summer","Chisinau","47.0105","28.8638","Moldova","Ohio","McCutchenville","OH",40.990406,-83.26087
"44844","CBPM3971","2015-001-501815","Male","Korean","Summer","Seoul","37.5665","126.978","South Korea","Ohio","McCutchenville","OH",40.990406,-83.26087
"45174","VMJR5794","2015-001-503093","Male","Turkish","Summer","Bursa","40.1885","29.061","Turkey","Ohio","Terrace Park","OH",39.161061,-84.30808
"45220","NBBZ1812","2015-001-501664","Male","Arabic","Summer","Rabat","33.9716","6.8498","Morocco","Ohio","Cincinnati","OH",39.14426,-84.51986
"45236","VAEQ4629","2015-001-502405","Female","Korean","Summer","Seoul","37.5665","126.978","South Korea","Ohio","Cincinnati","OH",39.205109,-84.39512
"45243","MJNV6161","2015-001-501932","Female","Korean","Summer","Seoul","37.5665","126.978","South Korea","Ohio","Cincinnati","OH",39.18466,-84.36014
"45387","FSFG6273","2015-001-500508","Female","Korean","Summer","Seoul","37.5665","126.978","South Korea","Ohio","Yellow Springs","OH",39.797227,-83.89239
"45701","HPED7441","2015-001-503188","Female","Persian (Tajik)","Summer","Dushanbe","38.5598","68.787","Tajikistan","Ohio","Athens","OH",39.322847,-82.09728
"45750","QZGB4313","2015-001-502284","Female","Chinese","Summer","Suzhou","31.299","120.5853","China","Ohio","Marietta","OH",39.426551,-81.44373
"46220","REDX1175","2015-001-503205","Male","Korean","Summer","Songdo","37.3839","126.6439","South Korea","Indiana","Indianapolis","IN",39.866913,-86.12323
"46236","JPST2377","2015-001-503869","Female","Chinese","Summer","Deyang","31.1269","104.3979","China","Indiana","Indianapolis","IN",39.888225,-85.97041
"46256","JFNY2958","2015-001-503597","Female","Turkish","Summer","Ankara","39.9334","32.8597","Turkey","Indiana","Indianapolis","IN",39.907838,-86.01405
"46256","KCCC1674","2015-001-500580","Female","Hindi","Summer","Indore","22.7196","75.8577","India","Indiana","Indianapolis","IN",39.907838,-86.01405
"46260","RJHM9753","2015-001-503178","Male","Chinese","Summer","Shanghai","31.2304","121.4737","China","Indiana","Indianapolis","IN",39.898107,-86.18232
"47201","WAHZ6327","2015-001-501479","Female","Turkish","Year","Izmir","38.4237","27.1428","Turkey","Indiana","Columbus","IN",39.185341,-85.9456
"47546","ESPJ1593","2015-001-502460","Female","Arabic","Summer","Rabat","33.9716","6.8498","Morocco","Indiana","Jasper","IN",38.408794,-86.93876
"48036","TGMG4219","2015-001-501906","Female","Chinese","Year","Kaohsiung","22.6273","120.3014","Taiwan","Michigan","Clinton Township","MI",42.587117,-82.89837
"48044","BGRK1933","2015-001-502098","Female","Korean","Summer","Seoul","37.5665","126.978","South Korea","Michigan","Macomb","MI",42.650265,-82.93416
"48051","GQKA7194","2015-001-502458","Female","Korean","Summer","Seoul","37.5665","126.978","South Korea","Michigan","New Baltimore","MI",42.682081,-82.83068
"48103","DXNE5397","2015-001-500993","Female","Turkish","Year","Izmir","38.4237","27.1428","Turkey","Michigan","Ann Arbor","MI",42.280887,-83.79147
"48103","RPYM7938","2015-001-501836","Female","Russian","Summer","Kirov","58.4199","50.2097","Russia","Michigan","Ann Arbor","MI",42.280887,-83.79147
"48183","RUAE9442","2015-001-501418","Female","Arabic","Summer","Marrakesh","31.6295","7.9811","Morocco","Michigan","Trenton","MI",42.137071,-83.21446
"48381","JVWD3187","2015-001-501008","Female","Arabic","Summer","Rabat","33.9716","6.8498","Morocco","Michigan","Milford","MI",42.571402,-83.59318
"49024","JTQB1233","2015-001-502111","Female","Chinese","Year","Beijing","39.9042","116.4074","China","Michigan","Portage","MI",42.216541,-85.61773
"49456","JWXD9528","2015-001-503179","Female","Chinese","Summer","Nanjing","32.0603","118.7969","China","Michigan","Spring Lake","MI",43.08767,-86.19345
"50010","ATVT6964","2015-001-501221","Female","Arabic","Summer","Marrakesh","31.6295","7.9811","Morocco","Iowa","Ames","IA",42.02933,-93.60966
"50265","ZWTZ2533","2015-001-500603","Female","Chinese","Summer","Suzhou","31.299","120.5853","China","Iowa","West Des Moines","IA",41.570916,-93.73568
"52002","QQPH5733","2015-001-503367","Male","Arabic","Summer","Rabat","33.9716","6.8498","Morocco","Iowa","Dubuque","IA",42.50963,-90.75329
"52077","HXAT3756","2015-001-502247","Male","Chinese","Summer","Deyang","31.1269","104.3979","China","Iowa","Volga","IA",42.815385,-91.55738
"52172","WDVH1984","2015-001-502300","Female","Chinese","Summer","Jiaxing","30.7539","120.7585","China","Iowa","Waukon","IA",43.265791,-91.47755
"52405","TGSG4195","2015-001-501080","Female","Chinese","Summer","Shanghai","31.2304","121.4737","China","Iowa","Cedar Rapids","IA",41.980283,-91.70835
"52722","XART9568","2015-001-511273","Female","Chinese","Summer","Harbin","45.8038","126.535","China","Iowa","Bettendorf","IA",41.551883,-90.48975
"53012","PRGN8298","2015-001-502916","Female","Hindi","Summer","Pune","18.5204","73.8567","India","Wisconsin","Cedarburg","WI",43.305412,-87.99794
"53086","FTBG2181","2015-001-502886","Male","Chinese","Summer","Shanghai","31.2304","121.4737","China","Wisconsin","Slinger","WI",43.33278,-88.27907
"53118","WRFA1414","2015-001-503841","Female","Chinese","Summer","Xiamen","24.4798","118.0894","China","Wisconsin","Dousman","WI",42.991622,-88.47085
"53154","MAHZ5321","2015-001-500730","Male","Chinese","Summer","Deyang","31.1269","104.3979","China","Wisconsin","Oak Creek","WI",42.884347,-87.8992
"53154","JJKF2562","2015-001-502506","Male","Chinese","Year","Beijing","39.9042","116.4074","China","Wisconsin","Oak Creek","WI",42.884347,-87.8992
"53210","VWDA7276","2015-001-502918","Female","Chinese","Year","Changzhou","31.8112","119.9741","China","Wisconsin","Milwaukee","WI",43.068962,-87.97423
"53211","URSH4999","2015-001-503034","Female","Arabic","Summer","Rabat","33.9716","6.8498","Morocco","Wisconsin","Milwaukee","WI",43.083012,-87.8859
"53212","TRNA5744","2015-001-502076","Female","Hindi","Summer","Indore","22.7196","75.8577","India","Wisconsin","Milwaukee","WI",43.072062,-87.9103
"53217","UTUH7927","2015-001-501730","Female","Hindi","Summer","Pune","18.5204","73.8567","India","Wisconsin","Milwaukee","WI",43.14351,-87.90894
"53521","YQCZ4112","2015-001-500475","Female","Arabic","Summer","Muscat","23.5859","58.4059","Oman","Wisconsin","Brooklyn","WI",42.839241,-89.40088
"53536","MKJP3197","2015-001-502991","Female","Hindi","Summer","Indore","22.7196","75.8577","India","Wisconsin","Evansville","WI",42.772516,-89.2802
"53593","MMZS4667","2015-001-503530","Male","Korean","Summer","Jeonju","35.8242","127.148","South Korea","Wisconsin","Verona","WI",42.988593,-89.55543
"53593","VSMM8139","2015-001-502298","Female","Arabic","Summer","Amman","31.9454","35.9284","Jordan","Wisconsin","Verona","WI",42.988593,-89.55543
"53805","WNTR7544","2015-001-502219","Female","Hindi","Summer","Pune","18.5204","73.8567","India","Wisconsin","Boscobel","WI",43.136963,-90.69831
"53955","JYUT8368","2015-001-501057","Female","Russian","Summer","Chisinau","47.0105","28.8638","Moldova","Wisconsin","Poynette","WI",43.404191,-89.4171
"53959","AADR1147","2015-001-501677","Male","Chinese","Summer","Zhuhai","22.271","113.5767","China","Wisconsin","Reedsburg","WI",43.53414,-89.99183
"54476","MYTV6667","2015-001-501790","Male","Chinese","Summer","Jiaxing","30.7539","120.7585","China","Wisconsin","Schofield","WI",44.903194,-89.57937
"54914","RKPC6459","2015-001-502223","Female","Hindi","Summer","Indore","22.7196","75.8577","India","Wisconsin","Appleton","WI",44.267411,-88.4383
"55009","MNYP8185","2015-001-502906","Female","Arabic","Summer","Muscat","23.5859","58.4059","Oman","Minnesota","Cannon Falls","MN",44.493575,-92.89402
"55079","VWRC6167","2015-001-503351","Female","Chinese","Summer","Zhuhai","22.271","113.5767","China","Minnesota","Stacy","MN",45.403157,-93.02829
"55104","MWMW9782","2015-001-501999","Female","Korean","Summer","Seoul","37.5665","126.978","South Korea","Minnesota","Saint Paul","MN",44.953665,-93.15922
"55113","EGXG5289","2015-001-502243","Female","Korean","Summer","Songdo","37.3839","126.6439","South Korea","Minnesota","Saint Paul","MN",45.011215,-93.15536
"55129","MRSS8589","2015-001-503186","Male","Turkish","Summer","Bursa","40.1885","29.061","Turkey","Minnesota","Saint Paul","MN",44.896938,-92.90241
"55129","MPGM6874","2015-001-501129","Female","Arabic","Year","Rabat","33.9716","6.8498","Morocco","Minnesota","Saint Paul","MN",44.896938,-92.90241
"55129","YRKZ8837","2015-001-502594","Male","Hindi","Summer","Pune","18.5204","73.8567","India","Minnesota","Saint Paul","MN",44.896938,-92.90241
"55346","ZTAU6794","2015-001-503634","Male","Arabic","Summer","Rabat","33.9716","6.8498","Morocco","Minnesota","Eden Prairie","MN",44.880435,-93.4869
"55346","BMKR6369","2015-001-501076","Female","Chinese","Summer","Hangzhou","30.2741","120.1551","China","Minnesota","Eden Prairie","MN",44.880435,-93.4869
"55409","NSXA6276","2015-001-502435","Male","Chinese","Year","Beijing","39.9042","116.4074","China","Minnesota","Minneapolis","MN",44.924115,-93.28362
"55433","GZFQ4666","2015-001-501165","Female","Chinese","Summer","Xiamen","24.4798","118.0894","China","Minnesota","Minneapolis","MN",45.163848,-93.3195
"55434","KEPH9863","2015-001-503479","Female","Arabic","Summer","Muscat","23.5859","58.4059","Oman","Minnesota","Minneapolis","MN",45.164248,-93.2531
"55443","BQFU3964","2015-001-501240","Male","Korean","Summer","Seoul","37.5665","126.978","South Korea","Minnesota","Minneapolis","MN",45.108581,-93.33988
"56560","PZMY9995","2015-001-503144","Female","Chinese","Year","Beijing","39.9042","116.4074","China","Minnesota","Moorhead","MN",46.861413,-96.75367
"57055","KACJ2633","2015-001-501775","Male","Chinese","Summer","Nanjing","32.0603","118.7969","China","South Dakota","Renner","SD",43.668009,-96.73032
"57754","RNGS3333","2015-001-501513","Female","Hindi","Year","Indore","22.7196","75.8577","India","South Dakota","Lead","SD",44.312922,-103.83118
"57783","VNNN1999","2015-001-500980","Male","Arabic","Summer","Rabat","33.9716","6.8498","Morocco","South Dakota","Spearfish","SD",44.48837,-103.87853
"59715","KXGU1917","2015-001-501006","Female","Arabic","Summer","Rabat","33.9716","6.8498","Morocco","Montana","Bozeman","MT",45.707153,-110.9878
"59715","HSVV9152","2015-001-503440","Male","Hindi","Summer","Indore","22.7196","75.8577","India","Montana","Bozeman","MT",45.707153,-110.9878
"59715","MASP1833","2015-001-502155","Female","Arabic","Summer","Muscat","23.5859","58.4059","Oman","Montana","Bozeman","MT",45.707153,-110.9878
"59802","CGJU1653","2015-001-503890","Female","Arabic","Summer","Rabat","33.9716","6.8498","Morocco","Montana","Missoula","MT",46.896821,-113.95551
"59803","ACRF5361","2015-001-500469","Female","Arabic","Summer","Rabat","33.9716","6.8498","Morocco","Montana","Missoula","MT",46.790915,-114.00439
"59803","ZSPU3827","2015-001-502429","Female","Arabic","Summer","Rabat","33.9716","6.8498","Morocco","Montana","Missoula","MT",46.790915,-114.00439
"60005","SBKA3687","2015-001-503913","Male","Arabic","Summer","Rabat","33.9716","6.8498","Morocco","Illinois","Arlington Heights","IL",42.069327,-87.98464
"60010","UFEN6829","2015-001-501736","Female","Chinese","Year","Beijing","39.9042","116.4074","China","Illinois","Barrington","IL",42.160791,-88.15231
"60010","SDCQ7991","2015-001-502268","Male","Chinese","Summer","Xiamen","24.4798","118.0894","China","Illinois","Barrington","IL",42.160791,-88.15231
"60014","DCSP8459","2015-001-502366","Male","Chinese","Summer","Suzhou","31.299","120.5853","China","Illinois","Crystal Lake","IL",42.226623,-88.33066
"60047","JFKK7112","2015-001-501568","Male","Chinese","Summer","Shanghai","31.2304","121.4737","China","Illinois","Lake Zurich","IL",42.199957,-88.05859
"60067","MFYR7152","2015-001-502091","Male","Chinese","Summer","Zhuhai","22.271","113.5767","China","Illinois","Palatine","IL",42.10979,-88.04917
"60077","GTJP9414","2015-001-500985","Male","Turkish","Summer","Ankara","39.9334","32.8597","Turkey","Illinois","Skokie","IL",42.033313,-87.75764
"60089","YXYJ4626","2015-001-502131","Male","Korean","Summer","Seoul","37.5665","126.978","South Korea","Illinois","Buffalo Grove","IL",42.167638,-87.96393
"60098","DZVC9854","2015-001-500513","Female","Korean","Summer","Songdo","37.3839","126.6439","South Korea","Illinois","Woodstock","IL",42.316121,-88.43884
"60110","TUAN2995","2015-001-503297","Male","Chinese","Summer","Deyang","31.1269","104.3979","China","Illinois","Carpentersville","IL",42.121188,-88.27227
"60201","JSBP5939","2015-001-501630","Male","Chinese","Summer","Shanghai","31.2304","121.4737","China","Illinois","Evanston","IL",42.056391,-87.69684
"60302","FWXH6746","2015-001-502794","Female","Chinese","Summer","Jiaxing","30.7539","120.7585","China","Illinois","Oak Park","IL",41.893941,-87.78899
"60305","YSXK6323","2015-001-501653","Female","Russian","Summer","Narva","59.3797","28.1791","Estonia","Illinois","River Forest","IL",41.893031,-87.81718
"60404","SDHP3493","2015-001-502124","Female","Korean","Summer","Songdo","37.3839","126.6439","South Korea","Illinois","Shorewood","IL",41.51,-88.21
"60422","FPVE9865","2015-001-503012","Female","Hindi","Summer","Indore","22.7196","75.8577","India","Illinois","Flossmoor","IL",41.539384,-87.68424
"60478","JGDF9353","2015-001-509651","Male","Chinese","Summer","Jiaxing","30.7539","120.7585","China","Illinois","Country Club Hills","IL",41.561134,-87.72398
"60502","AKBW3133","2015-001-501020","Female","Chinese","Summer","Shanghai","31.2304","121.4737","China","Illinois","Aurora","IL",41.77,-88.25
"60515","VNNK4428","2015-001-502739","Female","Chinese","Summer","Zhuhai","22.271","113.5767","China","Illinois","Downers Grove","IL",41.80348,-88.01827
"60540","ZCZQ9491","2015-001-503784","Female","Korean","Summer","Jeonju","35.8242","127.148","South Korea","Illinois","Naperville","IL",41.764779,-88.14579
"60543","TPGJ1288","2015-001-500606","Female","Chinese","Summer","Zhuhai","22.271","113.5767","China","Illinois","Oswego","IL",41.684896,-88.34177
"60550","CXSS2947","2015-001-500532","Female","Russian","Summer","Narva","59.3797","28.1791","Estonia","Illinois","Shabbona","IL",41.769322,-88.86858
"60565","QYYV8686","2015-001-502161","Male","Russian","Summer","Chisinau","47.0105","28.8638","Moldova","Illinois","Naperville","IL",41.728738,-88.12824
"60565","ZZNK4863","2015-001-503856","Female","Russian","Summer","Kirov","58.4199","50.2097","Russia","Illinois","Naperville","IL",41.728738,-88.12824
"60605","PCPD7515","2015-001-502803","Female","Chinese","Summer","Nanjing","32.0603","118.7969","China","Illinois","Chicago","IL",41.860019,-87.6187
"60620","YYQH7122","2015-001-502879","Female","Arabic","Year","Marrakesh","31.6295","7.9811","Morocco","Illinois","Chicago","IL",41.740483,-87.65282
"60623","GRQJ8142","2015-001-509620","Female","Chinese","Summer","Jiaxing","30.7539","120.7585","China","Illinois","Chicago","IL",41.850232,-87.718
"60623","ZPJY4568","2015-001-509614","Female","Chinese","Summer","Jiaxing","30.7539","120.7585","China","Illinois","Chicago","IL",41.850232,-87.718
"60624","JJYX1831","2015-001-511308","Female","Russian","Summer","Daugavpils","55.8747","26.5362","Latvia","Illinois","Chicago","IL",41.879365,-87.72199
"60629","MJCV8699","2015-001-511307","Female","Russian","Summer","Daugavpils","55.8747","26.5362","Latvia","Illinois","Chicago","IL",41.777482,-87.71155
"60638","SZSF5639","2015-001-509609","Female","Chinese","Summer","Deyang","31.1269","104.3979","China","Illinois","Chicago","IL",41.787982,-87.7738
"60638","SBKU5679","2015-001-511313","Male","Russian","Summer","Daugavpils","55.8747","26.5362","Latvia","Illinois","Chicago","IL",41.787982,-87.7738
"60639","UDRH6632","2015-001-511473","Female","Russian","Summer","Daugavpils","55.8747","26.5362","Latvia","Illinois","Chicago","IL",41.921431,-87.75415
"60639","QYHC6555","2015-001-511311","Female","Russian","Summer","Daugavpils","55.8747","26.5362","Latvia","Illinois","Chicago","IL",41.921431,-87.75415
"60639","WNMR5223","2015-001-511469","Male","Russian","Summer","Daugavpils","55.8747","26.5362","Latvia","Illinois","Chicago","IL",41.921431,-87.75415
"60641","JSFE6342","2015-001-511295","Female","Russian","Summer","Daugavpils","55.8747","26.5362","Latvia","Illinois","Chicago","IL",41.946431,-87.74576
"60641","TWXT6512","2015-001-511472","Male","Russian","Summer","Daugavpils","55.8747","26.5362","Latvia","Illinois","Chicago","IL",41.946431,-87.74576
"60641","PAHF5989","2015-001-511476","Female","Russian","Summer","Daugavpils","55.8747","26.5362","Latvia","Illinois","Chicago","IL",41.946431,-87.74576
"60647","JUTN6465","2015-001-511284","Female","Russian","Summer","Daugavpils","55.8747","26.5362","Latvia","Illinois","Chicago","IL",41.921126,-87.70085
"60647","AHKH8374","2015-001-511470","Female","Russian","Summer","Daugavpils","55.8747","26.5362","Latvia","Illinois","Chicago","IL",41.921126,-87.70085
"60647","WPMD3227","2015-001-511475","Female","Russian","Summer","Daugavpils","55.8747","26.5362","Latvia","Illinois","Chicago","IL",41.921126,-87.70085
"60652","YZTE9456","2015-001-501893","Female","Korean","Summer","Seoul","37.5665","126.978","South Korea","Illinois","Chicago","IL",41.7446,-87.71188
"60653","HHXY4876","2015-001-509607","Female","Hindi","Summer","Indore","22.7196","75.8577","India","Illinois","Chicago","IL",41.819833,-87.61269
"60707","SDQE2179","2015-001-501974","Male","Arabic","Summer","Marrakesh","31.6295","7.9811","Morocco","Illinois","Elmwood Park","IL",41.922681,-87.80805
"60804","VSSE7918","2015-001-509626","Male","Arabic","Summer","Amman","31.9454","35.9284","Jordan","Illinois","Cicero","IL",41.844382,-87.7599
"60805","YYEY1879","2015-001-503456","Female","Russian","Summer","Moscow","55.7558","37.6173","Russia","Illinois","Evergreen Park","IL",41.719933,-87.70249
"61615","ZWWY9233","2015-001-502750","Female","Chinese","Summer","Xiamen","24.4798","118.0894","China","Illinois","Peoria","IL",40.764368,-89.6448
"62269","DMCG4461","2015-001-503748","Female","Chinese","Summer","Shanghai","31.2304","121.4737","China","Illinois","O Fallon","IL",38.589849,-89.91207
"63005","HRDH2227","2015-001-503002","Male","Chinese","Summer","Xiamen","24.4798","118.0894","China","Missouri","Chesterfield","MO",38.646981,-90.63155
"63017","VMTT4376","2015-001-501752","Female","Chinese","Summer","Deyang","31.1269","104.3979","China","Missouri","Chesterfield","MO",38.647023,-90.53918
"63385","GGUA1475","2015-001-503739","Female","Chinese","Summer","Shanghai","31.2304","121.4737","China","Missouri","Wentzville","MO",38.808884,-90.85922
"64080","AUTZ6556","2015-001-501744","Male","Russian","Year","Chisinau","47.0105","28.8638","Moldova","Missouri","Pleasant Hill","MO",38.776782,-94.26207
"64108","TJSE3326","2015-001-503334","Female","Turkish","Summer","Bursa","40.1885","29.061","Turkey","Missouri","Kansas City","MO",39.084554,-94.58296
"64113","ARPN4464","2015-001-503000","Female","Hindi","Summer","Pune","18.5204","73.8567","India","Missouri","Kansas City","MO",39.013638,-94.59471
"64113","VMRF4326","2015-001-503721","Female","Turkish","Summer","Ankara","39.9334","32.8597","Turkey","Missouri","Kansas City","MO",39.013638,-94.59471
"64865","NMRU4275","2015-001-500747","Female","Chinese","Summer","Jiaxing","30.7539","120.7585","China","Missouri","Seneca","MO",36.833365,-94.59415
"66049","RCSE5825","2015-001-502872","Female","Chinese","Summer","Shanghai","31.2304","121.4737","China","Kansas","Lawrence","KS",38.97583,-95.30399
"66049","ZAEB3776","2015-001-502675","Male","Russian","Summer","Kirov","58.4199","50.2097","Russia","Kansas","Lawrence","KS",38.97583,-95.30399
"66053","VRWV1834","2015-001-503509","Male","Chinese","Summer","Jiaxing","30.7539","120.7585","China","Kansas","Louisburg","KS",38.602219,-94.68121
"66207","DPRP4183","2015-001-503882","Female","Arabic","Summer","Rabat","33.9716","6.8498","Morocco","Kansas","Shawnee Mission","KS",38.957396,-94.64691
"66208","TBYH7754","2015-001-502456","Female","Hindi","Summer","Pune","18.5204","73.8567","India","Kansas","Shawnee Mission","KS",38.999505,-94.63102
"66210","XWRH7544","2015-001-503323","Female","Chinese","Summer","Zhuhai","22.271","113.5767","China","Kansas","Shawnee Mission","KS",38.924739,-94.70473
"66215","UTXD4148","2015-001-501680","Male","Arabic","Summer","Marrakesh","31.6295","7.9811","Morocco","Kansas","Shawnee Mission","KS",38.961006,-94.74145
"66224","WWZK7913","2015-001-500601","Male","Hindi","Summer","Indore","22.7196","75.8577","India","Kansas","Shawnee Mission","KS",38.862007,-94.62127
"68018","SBXS9797","2015-001-501769","Male","Chinese","Year","Beijing","39.9042","116.4074","China","Nebraska","Colon","NE",41.309443,-96.61679
"68114","GDZX2172","2015-001-500784","Female","Arabic","Summer","Rabat","33.9716","6.8498","Morocco","Nebraska","Omaha","NE",41.264531,-96.04798
"68502","NBYP7672","2015-001-501618","Male","Hindi","Summer","Pune","18.5204","73.8567","India","Nebraska","Lincoln","NE",40.789051,-96.69589
"70001","MDTD4388","2015-001-503362","Female","Korean","Summer","Seoul","37.5665","126.978","South Korea","Louisiana","Metairie","LA",29.984096,-90.16902
"72015","FCHU9432","2015-001-503201","Male","Arabic","Summer","Rabat","33.9716","6.8498","Morocco","Arkansas","Benton","AR",34.564734,-92.59562
"73026","TPMY1881","2015-001-502295","Male","Chinese","Summer","Suzhou","31.299","120.5853","China","Oklahoma","Norman","OK",35.22704,-97.28198
"74114","EQHW9153","2015-001-501471","Female","Chinese","Summer","Nanjing","32.0603","118.7969","China","Oklahoma","Tulsa","OK",36.126894,-95.94657
"74128","PCDD3157","2015-001-503373","Female","Arabic","Summer","Rabat","33.9716","6.8498","Morocco","Oklahoma","Tulsa","OK",36.146577,-95.85194
"75002","CJZB2286","2015-001-502077","Female","Korean","Summer","Seoul","37.5665","126.978","South Korea","Texas","Allen","TX",33.092846,-96.62447
"75024","KKEW3789","2015-001-500983","Male","Russian","Year","Chisinau","47.0105","28.8638","Moldova","Texas","Plano","TX",33.07707,-96.79859
"75035","YYEV2121","2015-001-500666","Female","Chinese","Summer","Hangzhou","30.2741","120.1551","China","Texas","Frisco","TX",33.130086,-96.78177
"75069","DBRQ3746","2015-001-501946","Male","Arabic","Summer","Rabat","33.9716","6.8498","Morocco","Texas","McKinney","TX",33.195073,-96.60363
"75093","UETS5935","2015-001-500931","Female","Korean","Summer","Seoul","37.5665","126.978","South Korea","Texas","Plano","TX",33.03505,-96.80492
"75211","QBPV1413","2015-001-503300","Female","Korean","Summer","Seoul","37.5665","126.978","South Korea","Texas","Dallas","TX",32.736931,-96.88253
"75228","YQRA8371","2015-001-501768","Female","Arabic","Summer","Rabat","33.9716","6.8498","Morocco","Texas","Dallas","TX",32.825227,-96.67955
"75238","ACZZ2113","2015-001-501018","Female","Arabic","Year","Marrakesh","31.6295","7.9811","Morocco","Texas","Dallas","TX",32.873926,-96.70922
"75248","WXWC9948","2015-001-503123","Male","Arabic","Summer","Rabat","33.9716","6.8498","Morocco","Texas","Dallas","TX",32.968123,-96.78863
"75248","TYQP4644","2015-001-502057","Female","Korean","Year","Seoul","37.5665","126.978","South Korea","Texas","Dallas","TX",32.968123,-96.78863
"76001","EBPD5241","2015-001-501182","Male","Turkish","Summer","Ankara","39.9334","32.8597","Turkey","Texas","Arlington","TX",32.634203,-97.14403
"76017","UVSG2954","2015-001-500509","Female","Chinese","Summer","Jiaxing","30.7539","120.7585","China","Texas","Arlington","TX",32.659277,-97.16435
"76205","MAEP8596","2015-001-502319","Male","Russian","Summer","Kirov","58.4199","50.2097","Russia","Texas","Denton","TX",33.16156,-97.10376
"76205","FJVX2633","2015-001-502218","Male","Arabic","Summer","Rabat","33.9716","6.8498","Morocco","Texas","Denton","TX",33.16156,-97.10376
"76209","XYSC4592","2015-001-500783","Female","Chinese","Summer","Nanjing","32.0603","118.7969","China","Texas","Denton","TX",33.23552,-97.112743
"76210","SYZQ6377","2015-001-503422","Male","Korean","Year","Seoul","37.5665","126.978","South Korea","Texas","Corinth","TX",33.143186,-97.088337
"76502","GAZX2861","2015-001-501445","Male","Persian (Tajik)","Summer","Dushanbe","38.5598","68.787","Tajikistan","Texas","Temple","TX",31.086483,-97.40076
"77003","XCEW9784","2015-001-509637","Female","Korean","Summer","Songdo","37.3839","126.6439","South Korea","Texas","Houston","TX",29.749278,-95.34741
"77011","EKMV8261","2015-001-509640","Female","Russian","Summer","Kirov","58.4199","50.2097","Russia","Texas","Houston","TX",29.742378,-95.30726
"77011","KBKN7898","2015-001-509613","Male","Korean","Summer","Songdo","37.3839","126.6439","South Korea","Texas","Houston","TX",29.742378,-95.30726
"77015","ATGU7872","2015-001-509616","Female","Chinese","Summer","Deyang","31.1269","104.3979","China","Texas","Houston","TX",29.778526,-95.18118
"77074","YQTN1544","2015-001-509618","Female","Korean","Summer","Seoul","37.5665","126.978","South Korea","Texas","Houston","TX",29.689781,-95.51161
"77092","EHSE9276","2015-001-501002","Male","Russian","Summer","Chisinau","47.0105","28.8638","Moldova","Texas","Houston","TX",29.833326,-95.47644
"77401","ZEZR8538","2015-001-503129","Female","Korean","Summer","Seoul","37.5665","126.978","South Korea","Texas","Bellaire","TX",29.70403,-95.46099
"77401","EDTT1969","2015-001-501616","Male","Chinese","Summer","Suzhou","31.299","120.5853","China","Texas","Bellaire","TX",29.70403,-95.46099
"77459","UKMV4329","2015-001-509619","Female","Korean","Summer","Jeonju","35.8242","127.148","South Korea","Texas","Missouri City","TX",29.564347,-95.54762
"77478","JGMM8674","2015-001-502201","Female","Persian (Tajik)","Summer","Dushanbe","38.5598","68.787","Tajikistan","Texas","Sugar Land","TX",29.627737,-95.62444
"77479","WNXS2718","2015-001-502115","Male","Russian","Summer","Moscow","55.7558","37.6173","Russia","Texas","Sugar Land","TX",29.573345,-95.63213
"77530","CJXY6421","2015-001-509624","Female","Turkish","Summer","Bursa","40.1885","29.061","Turkey","Texas","Channelview","TX",29.786656,-95.12214
"78218","RNXN8863","2015-001-511285","Female","Russian","Summer","Moscow","55.7558","37.6173","Russia","Texas","San Antonio","TX",29.49428,-98.40431
"78232","WZPC1677","2015-001-502818","Female","Hindi","Year","Indore","22.7196","75.8577","India","Texas","San Antonio","TX",29.584698,-98.46987
"78258","VMJG3693","2015-001-503091","Male","Korean","Summer","Jeonju","35.8242","127.148","South Korea","Texas","San Antonio","TX",29.649797,-98.50406
"78516","BNXF9812","2015-001-509621","Female","Korean","Summer","Jeonju","35.8242","127.148","South Korea","Texas","Alamo","TX",26.175021,-98.11969
"78704","WGXN1154","2015-001-502378","Male","Korean","Summer","Songdo","37.3839","126.6439","South Korea","Texas","Austin","TX",30.246309,-97.76087
"78726","JUQU7922","2015-001-501912","Female","Chinese","Summer","Suzhou","31.299","120.5853","China","Texas","Austin","TX",30.439053,-97.83503
"78746","YGXU1125","2015-001-501777","Female","Russian","Summer","Narva","59.3797","28.1791","Estonia","Texas","Austin","TX",30.287739,-97.8022
"80020","NEAF2188","2015-001-500764","Female","Arabic","Summer","Amman","31.9454","35.9284","Jordan","Colorado","Broomfield","CO",39.93404,-105.05454
"80020","CTJP8545","2015-001-500563","Female","Korean","Summer","Seoul","37.5665","126.978","South Korea","Colorado","Broomfield","CO",39.93404,-105.05454
"80027","MSPQ6393","2015-001-501842","Female","Arabic","Year","Marrakesh","31.6295","7.9811","Morocco","Colorado","Louisville","CO",39.963322,-105.15053
"80122","UVYA3888","2015-001-502014","Female","Chinese","Summer","Hangzhou","30.2741","120.1551","China","Colorado","Littleton","CO",39.582604,-104.95834
"80210","RZFN5286","2015-001-502133","Female","Turkish","Year","Izmir","38.4237","27.1428","Turkey","Colorado","Denver","CO",39.679437,-104.96473
"80224","XURR8647","2015-001-501520","Male","Korean","Year","Seoul","37.5665","126.978","South Korea","Colorado","Denver","CO",39.688437,-104.91348
"80238","VUXE7575","2015-001-502607","Female","Chinese","Summer","Suzhou","31.299","120.5853","China","Colorado","Denver","CO",39.738752,-104.408349
"80303","XCJN5227","2015-001-511314","Female","Russian","Summer","Moscow","55.7558","37.6173","Russia","Colorado","Boulder","CO",39.989135,-105.22883
"80401","NDVQ5411","2015-001-502740","Female","Russian","Summer","Kirov","58.4199","50.2097","Russia","Colorado","Golden","CO",39.735745,-105.19337
"80503","XWTU2923","2015-001-503820","Female","Korean","Summer","Seoul","37.5665","126.978","South Korea","Colorado","Longmont","CO",40.156035,-105.17365
"80512","UHGN7813","2015-001-501538","Male","Chinese","Summer","Deyang","31.1269","104.3979","China","Colorado","Bellvue","CO",40.700258,-105.64876
"80920","QDQW6672","2015-001-502614","Female","Russian","Summer","Chisinau","47.0105","28.8638","Moldova","Colorado","Colorado Springs","CO",38.952366,-104.76701
"80920","FKQB4889","2015-001-503374","Male","Russian","Summer","Chisinau","47.0105","28.8638","Moldova","Colorado","Colorado Springs","CO",38.952366,-104.76701
"81005","SVAQ7565","2015-001-502221","Female","Arabic","Summer","Rabat","33.9716","6.8498","Morocco","Colorado","Pueblo","CO",38.235865,-104.66972
"81611","TZGW2952","2015-001-511280","Female","Russian","Summer","Moscow","55.7558","37.6173","Russia","Colorado","Aspen","CO",39.196857,-106.8191
"82009","DGQQ2961","2015-001-500588","Female","Russian","Summer","Chisinau","47.0105","28.8638","Moldova","Wyoming","Cheyenne","WY",41.275932,-104.88279
"82070","YGJD6859","2015-001-503293","Female","Arabic","Year","Marrakesh","31.6295","7.9811","Morocco","Wyoming","Laramie","WY",41.232815,-105.75364
"82801","WVDD2668","2015-001-501597","Male","Arabic","Summer","Rabat","33.9716","6.8498","Morocco","Wyoming","Sheridan","WY",44.801249,-106.96782
"83341","DZGT7198","2015-001-500435","Female","Arabic","Summer","Rabat","33.9716","6.8498","Morocco","Idaho","Kimberly","ID",42.509557,-114.37441
"83401","XBJF6197","2015-001-511275","Male","Chinese","Summer","Harbin","45.8038","126.535","China","Idaho","Idaho Falls","ID",43.528891,-111.98136
"83404","BHBK6944","2015-001-502603","Female","Chinese","Summer","Xiamen","24.4798","118.0894","China","Idaho","Idaho Falls","ID",43.465998,-112.01425
"84025","KAJS3953","2015-001-503776","Male","Chinese","Summer","Suzhou","31.299","120.5853","China","Utah","Farmington","UT",40.988347,-111.88847
"84043","MZBU6232","2015-001-503488","Male","Chinese","Summer","Hangzhou","30.2741","120.1551","China","Utah","Lehi","UT",40.366648,-111.89052
"84092","FFSS6547","2015-001-502513","Female","Arabic","Summer","Rabat","33.9716","6.8498","Morocco","Utah","Sandy","UT",40.558748,-111.80902
"84097","XCFR6896","2015-001-500992","Female","Chinese","Summer","Hangzhou","30.2741","120.1551","China","Utah","Orem","UT",40.301444,-111.67485
"84098","UGAR5716","2015-001-502373","Female","Arabic","Summer","Muscat","23.5859","58.4059","Oman","Utah","Park City","UT",40.726899,-111.53674
"84098","CQWH9731","2015-001-502288","Male","Arabic","Summer","Marrakesh","31.6295","7.9811","Morocco","Utah","Park City","UT",40.726899,-111.53674
"84108","PPAE4728","2015-001-502454","Female","Chinese","Summer","Hangzhou","30.2741","120.1551","China","Utah","Salt Lake City","UT",40.744646,-111.81123
"84117","HCYB5624","2015-001-501444","Male","Korean","Summer","Seoul","37.5665","126.978","South Korea","Utah","Salt Lake City","UT",40.662797,-111.83797
"85020","GVMR6576","2015-001-500944","Male","Chinese","Year","Beijing","39.9042","116.4074","China","Arizona","Phoenix","AZ",33.563663,-112.05519
"85045","DSWU3657","2015-001-501143","Female","Turkish","Summer","Ankara","39.9334","32.8597","Turkey","Arizona","Phoenix","AZ",33.29974,-112.09812
"85048","VWAN4982","2015-001-501488","Female","Russian","Summer","Chisinau","47.0105","28.8638","Moldova","Arizona","Phoenix","AZ",33.302098,-112.02477
"85209","WVAT2262","2015-001-502631","Female","Chinese","Summer","Jiaxing","30.7539","120.7585","China","Arizona","Mesa","AZ",33.37,-111.64
"85215","GENW6197","2015-001-501530","Female","Chinese","Summer","Nanjing","32.0603","118.7969","China","Arizona","Mesa","AZ",33.479868,-111.6935
"85253","SEJN9597","2015-001-502172","Female","Korean","Summer","Jeonju","35.8242","127.148","South Korea","Arizona","Paradise Valley","AZ",33.544596,-111.95645
"85286","YDAW7221","2015-001-502242","Female","Chinese","Summer","Hangzhou","30.2741","120.1551","China","Arizona","New River","AZ",33.850506,-112.05927
"85323","PSTY8823","2015-001-502193","Female","Korean","Summer","Seoul","37.5665","126.978","South Korea","Arizona","Avondale","AZ",33.454441,-112.32401
"85331","WZHT4279","2015-001-501192","Female","Arabic","Summer","Muscat","23.5859","58.4059","Oman","Arizona","Cave Creek","AZ",33.789204,-111.96301
"85711","ATGH4148","2015-001-502555","Male","Chinese","Year","Kaohsiung","22.6273","120.3014","Taiwan","Arizona","Tucson","AZ",32.216326,-110.88511
"85711","YUMY2655","2015-001-503797","Female","Hindi","Summer","Pune","18.5204","73.8567","India","Arizona","Tucson","AZ",32.216326,-110.88511
"85750","MZFP5917","2015-001-500559","Female","Russian","Summer","Narva","59.3797","28.1791","Estonia","Arizona","Tucson","AZ",32.292078,-110.84384
"85756","WBRC6146","2015-001-503347","Female","Chinese","Summer","Deyang","31.1269","104.3979","China","Arizona","Tucson","AZ",32.07,-110.92
"89032","FBPM3687","2015-001-509617","Female","Turkish","Summer","Ankara","39.9334","32.8597","Turkey","Nevada","North Las Vegas","NV",36.224218,-115.1763
"89106","KEMH5113","2015-001-509655","Female","Turkish","Summer","Bursa","40.1885","29.061","Turkey","Nevada","Las Vegas","NV",36.184219,-115.16292
"89123","SWPR3486","2015-001-503398","Female","Korean","Year","Seoul","37.5665","126.978","South Korea","Nevada","Las Vegas","NV",36.026532,-115.14848
"89143","XBGH9574","2015-001-503180","Female","Korean","Summer","Jeonju","35.8242","127.148","South Korea","Nevada","Las Vegas","NV",36.326315,-115.25788
"89460","QSYA3967","2015-001-501025","Female","Korean","Summer","Seoul","37.5665","126.978","South Korea","Nevada","Gardnerville Ranchos","NV",38.903324,-119.763147
"89512","DAWP5864","2015-001-502501","Male","Chinese","Summer","Shanghai","31.2304","121.4737","China","Nevada","Reno","NV",39.54641,-119.79664
"89523","TBZM6141","2015-001-503745","Female","Korean","Summer","Seoul","37.5665","126.978","South Korea","Nevada","Reno","NV",39.523088,-119.89808
"90001","JGDF8858","2015-001-502413","Female","Korean","Summer","Seoul","37.5665","126.978","South Korea","California","Los Angeles","CA",33.972914,-118.24878
"90024","ZJJK9916","2015-001-500496","Male","Chinese","Summer","Xiamen","24.4798","118.0894","China","California","Los Angeles","CA",34.063209,-118.43643
"90049","AZMW5529","2015-001-501675","Male","Russian","Summer","Moscow","55.7558","37.6173","Russia","California","Los Angeles","CA",34.067409,-118.47528
"90403","SAFB4771","2015-001-500914","Male","Chinese","Summer","Zhuhai","22.271","113.5767","China","California","Santa Monica","CA",34.032159,-118.49022
"90505","VBWF4845","2015-001-503046","Male","Arabic","Summer","Rabat","33.9716","6.8498","Morocco","California","Torrance","CA",33.810848,-118.35096
"91107","SBTF1697","2015-001-502058","Male","Russian","Summer","Chisinau","47.0105","28.8638","Moldova","California","Pasadena","CA",34.151066,-118.08974
"91302","EWPG2115","2015-001-502421","Female","Chinese","Summer","Shanghai","31.2304","121.4737","China","California","Calabasas","CA",34.133513,-118.66464
"91320","VSDP2131","2015-001-502897","Female","Russian","Summer","Moscow","55.7558","37.6173","Russia","California","Newbury Park","CA",34.175038,-118.93956
"91325","ZFHZ1711","2015-001-503743","Female","Arabic","Summer","Rabat","33.9716","6.8498","Morocco","California","Northridge","CA",34.235055,-118.51766
"91325","DWXX9723","2015-001-501434","Female","Russian","Summer","Kirov","58.4199","50.2097","Russia","California","Northridge","CA",34.235055,-118.51766
"91362","XJGY9653","2015-001-511287","Female","Russian","Summer","Moscow","55.7558","37.6173","Russia","California","Thousand Oaks","CA",34.190804,-118.83704
"91377","VSFZ8788","2015-001-502398","Female","Hindi","Summer","Indore","22.7196","75.8577","India","California","Oak Park","CA",34.182875,-118.76893
"91436","FNZR4815","2015-001-501575","Male","Chinese","Summer","Nanjing","32.0603","118.7969","China","California","Encino","CA",34.155625,-118.48925
"91711","FHNW4857","2015-001-503133","Female","Turkish","Summer","Bursa","40.1885","29.061","Turkey","California","Claremont","CA",34.110009,-117.71973
"92128","EGDF4441","2015-001-500969","Female","Turkish","Summer","Ankara","39.9334","32.8597","Turkey","California","San Diego","CA",32.998855,-117.07054
"92570","HXDN7815","2015-001-503759","Female","Arabic","Summer","Rabat","33.9716","6.8498","Morocco","California","Perris","CA",33.784051,-117.29812
"92660","RTWC1182","2015-001-502453","Female","Chinese","Summer","Deyang","31.1269","104.3979","China","California","Newport Beach","CA",33.634821,-117.87453
"92679","GXRW2189","2015-001-501189","Female","Turkish","Summer","Ankara","39.9334","32.8597","Turkey","California","Trabuco Canyon","CA",33.639227,-117.58518
"93109","FFZR4547","2015-001-511302","Female","Russian","Summer","Moscow","55.7558","37.6173","Russia","California","Santa Barbara","CA",34.40323,-119.72069
"94024","KVGD3793","2015-001-511471","Female","Russian","Summer","Moscow","55.7558","37.6173","Russia","California","Los Altos","CA",37.353741,-122.08717
"94062","WUXF2975","2015-001-503585","Female","Persian (Tajik)","Summer","Dushanbe","38.5598","68.787","Tajikistan","California","Redwood City","CA",37.444879,-122.26253
"94086","WGCG3973","2015-001-501506","Male","Russian","Summer","Moscow","55.7558","37.6173","Russia","California","Sunnyvale","CA",37.378341,-122.02398
"94112","MQHG2617","2015-001-502899","Female","Chinese","Year","Beijing","39.9042","116.4074","China","California","San Francisco","CA",37.720931,-122.44241
"94112","PAAU7733","2015-001-500492","Female","Turkish","Year","Izmir","38.4237","27.1428","Turkey","California","San Francisco","CA",37.720931,-122.44241
"94123","TDCT4367","2015-001-501049","Male","Chinese","Summer","Hangzhou","30.2741","120.1551","China","California","San Francisco","CA",37.801028,-122.43836
"94306","CYTR1249","2015-001-502002","Male","Hindi","Summer","Pune","18.5204","73.8567","India","California","Palo Alto","CA",37.419389,-122.13273
"94546","GMHF4412","2015-001-502684","Male","Russian","Summer","Kirov","58.4199","50.2097","Russia","California","Castro Valley","CA",37.702063,-122.07934
"94556","KUEF2318","2015-001-511292","Female","Russian","Summer","Moscow","55.7558","37.6173","Russia","California","Moraga","CA",37.839426,-122.12426
"94563","MGDE3521","2015-001-503350","Female","Chinese","Summer","Suzhou","31.299","120.5853","China","California","Orinda","CA",37.878625,-122.18296
"94566","YVXN4613","2015-001-501546","Male","Chinese","Summer","Xiamen","24.4798","118.0894","China","California","Pleasanton","CA",37.658898,-121.87149
"94708","JTJM8265","2015-001-502752","Female","Chinese","Year","Beijing","39.9042","116.4074","China","California","Berkeley","CA",37.894625,-122.26372
"94903","QUAH1955","2015-001-501607","Female","Arabic","Summer","Rabat","33.9716","6.8498","Morocco","California","San Rafael","CA",38.019022,-122.54589
"95008","PWPQ1616","2015-001-502652","Female","Korean","Summer","Seoul","37.5665","126.978","South Korea","California","Campbell","CA",37.278843,-121.95446
"95014","KFVC9158","2015-001-503115","Female","Turkish","Summer","Ankara","39.9334","32.8597","Turkey","California","Cupertino","CA",37.317909,-122.04779
"95117","BKBG5282","2015-001-500996","Male","Chinese","Year","Beijing","39.9042","116.4074","China","California","San Jose","CA",37.311042,-121.96162
"95452","XDSB6726","2015-001-502560","Male","Chinese","Summer","Suzhou","31.299","120.5853","China","California","Kenwood","CA",38.414061,-122.54668
"95521","HSQV4225","2015-001-503886","Female","Russian","Year","Chisinau","47.0105","28.8638","Moldova","California","Arcata","CA",40.867469,-124.07519
"95816","TFMT5696","2015-001-501001","Male","Korean","Summer","Songdo","37.3839","126.6439","South Korea","California","Sacramento","CA",38.571661,-121.46827
"95819","XKHA3422","2015-001-502687","Female","Hindi","Summer","Indore","22.7196","75.8577","India","California","Sacramento","CA",38.568855,-121.44099
"95864","RGWB5443","2015-001-501290","Male","Korean","Summer","Seoul","37.5665","126.978","South Korea","California","Sacramento","CA",38.587805,-121.37809
"96379","RHNV6565","2015-001-503098","Female","Chinese","Summer","Nanjing","32.0603","118.7969","China","Armed Forces Pacific","Fpo","AP",NA,NA
"96706","KNGC5741","2015-001-501735","Female","Hindi","Summer","Indore","22.7196","75.8577","India","Hawaii","Ewa Beach","HI",21.338055,-158.02499
"96706","HNZR6991","2015-001-509650","Male","Korean","Summer","Seoul","37.5665","126.978","South Korea","Hawaii","Ewa Beach","HI",21.338055,-158.02499
"96707","JHKU3243","2015-001-502427","Female","Chinese","Summer","Suzhou","31.299","120.5853","China","Hawaii","Kapolei","HI",21.345535,-158.08587
"96743","KHGE6533","2015-001-502173","Female","Arabic","Year","Rabat","33.9716","6.8498","Morocco","Hawaii","Kamuela","HI",20.040191,-155.69999
"96743","CAQJ1792","2015-001-501453","Male","Russian","Summer","Chisinau","47.0105","28.8638","Moldova","Hawaii","Kamuela","HI",20.040191,-155.69999
"96817","SSAF1995","2015-001-501426","Female","Chinese","Summer","Hangzhou","30.2741","120.1551","China","Hawaii","Honolulu","HI",21.3307,-157.85913
"96821","CNWU2863","2015-001-502162","Male","Chinese","Summer","Xiamen","24.4798","118.0894","China","Hawaii","Honolulu","HI",21.287967,-157.75456
"97006","RPRT1464","2015-001-502334","Female","Korean","Summer","Seoul","37.5665","126.978","South Korea","Oregon","Beaverton","OR",45.517695,-122.85826
"97006","KUSX3177","2015-001-501529","Female","Hindi","Summer","Pune","18.5204","73.8567","India","Oregon","Beaverton","OR",45.517695,-122.85826
"97034","DXHP5366","2015-001-504464","Female","Russian","Summer","Chisinau","47.0105","28.8638","Moldova","Oregon","Lake Oswego","OR",45.40765,-122.6811
"97201","YFDA4595","2015-001-501148","Male","Chinese","Summer","Hangzhou","30.2741","120.1551","China","Oregon","Portland","OR",45.49894,-122.68781
"97212","WTBZ6324","2015-001-503167","Female","Chinese","Year","Beijing","39.9042","116.4074","China","Oregon","Portland","OR",45.54424,-122.64353
"97215","MVPM3628","2015-001-502615","Female","Arabic","Summer","Marrakesh","31.6295","7.9811","Morocco","Oregon","Portland","OR",45.514241,-122.60089
"97219","NYCR3749","2015-001-503207","Female","Russian","Summer","Moscow","55.7558","37.6173","Russia","Oregon","Portland","OR",45.45867,-122.70611
"97330","CYWK7789","2015-001-501005","Female","Korean","Year","Seoul","37.5665","126.978","South Korea","Oregon","Corvallis","OR",44.608694,-123.2752
"97405","KQFY7941","2015-001-502009","Female","Chinese","Summer","Xiamen","24.4798","118.0894","China","Oregon","Eugene","OR",44.004396,-123.12203
"97702","FANV8389","2015-001-502696","Female","Chinese","Summer","Zhuhai","22.271","113.5767","China","Oregon","Bend","OR",44.020483,-121.30891
"98006","AQSV6345","2015-001-502311","Female","Chinese","Summer","Hangzhou","30.2741","120.1551","China","Washington","Bellevue","WA",47.562975,-122.1526
"98031","KDUS8113","2015-001-509635","Female","Chinese","Summer","Deyang","31.1269","104.3979","China","Washington","Kent","WA",47.388461,-122.19644
"98040","UKAG7518","2015-001-502570","Male","Turkish","Summer","Bursa","40.1885","29.061","Turkey","Washington","Mercer Island","WA",47.569271,-122.23233
"98065","UTJN1811","2015-001-502836","Male","Chinese","Summer","Zhuhai","22.271","113.5767","China","Washington","Snoqualmie","WA",47.530639,-121.83053
"98075","RTJR5746","2015-001-501113","Female","Hindi","Summer","Pune","18.5204","73.8567","India","Washington","Sammamish","WA",47.584879,-122.033685
"98108","CUJC2769","2015-001-509608","Female","Chinese","Summer","Shanghai","31.2304","121.4737","China","Washington","Seattle","WA",47.546188,-122.31514
"98110","JHTT4816","2015-001-500576","Female","Arabic","Summer","Muscat","23.5859","58.4059","Oman","Washington","Bainbridge Island","WA",47.65526,-122.53508
"98115","YSYK2288","2015-001-502478","Female","Arabic","Summer","Rabat","33.9716","6.8498","Morocco","Washington","Seattle","WA",47.68382,-122.30122
"98118","RDUE8242","2015-001-509652","Female","Korean","Summer","Jeonju","35.8242","127.148","South Korea","Washington","Seattle","WA",47.543348,-122.27496
"98133","AZNH6868","2015-001-502267","Female","Arabic","Summer","Amman","31.9454","35.9284","Jordan","Washington","Seattle","WA",47.733852,-122.34461
"98144","ZNHD4847","2015-001-509641","Female","Russian","Summer","Chisinau","47.0105","28.8638","Moldova","Washington","Seattle","WA",47.58577,-122.30081
"98424","WQRN4152","2015-001-501991","Female","Korean","Summer","Songdo","37.3839","126.6439","South Korea","Washington","Tacoma","WA",47.242186,-122.35916
"98502","YBNT9457","2015-001-501859","Female","Russian","Summer","Chisinau","47.0105","28.8638","Moldova","Washington","Olympia","WA",47.071484,-122.97702
"98607","TMGH7371","2015-001-502760","Male","Arabic","Summer","Rabat","33.9716","6.8498","Morocco","Washington","Camas","WA",45.60916,-122.40547
"99203","TUPW6578","2015-001-502782","Female","Russian","Summer","Kirov","58.4199","50.2097","Russia","Washington","Spokane","WA",47.629091,-117.40636
"99223","YDER3812","2015-001-504442","Female","Chinese","Year","Kaohsiung","22.6273","120.3014","Taiwan","Washington","Spokane","WA",47.614744,-117.35892
"99516","EHNG9259","2015-001-511305","Male","Russian","Summer","Daugavpils","55.8747","26.5362","Latvia","Alaska","Anchorage","AK",61.101142,-149.77311
"99517","ZPSE8179","2015-001-502134","Male","Russian","Summer","Narva","59.3797","28.1791","Estonia","Alaska","Anchorage","AK",61.188276,-149.93438
"99517","THEC2142","2015-001-511301","Male","Russian","Summer","Daugavpils","55.8747","26.5362","Latvia","Alaska","Anchorage","AK",61.188276,-149.93438
"99705","NXHH4121","2015-001-501549","Male","Arabic","Summer","Amman","31.9454","35.9284","Jordan","Alaska","North Pole","AK",64.777233,-147.3649
"99709","XVGG4874","2015-001-502071","Male","Russian","Summer","Narva","59.3797","28.1791","Estonia","Alaska","Fairbanks","AK",64.854937,-147.87406
